timestamp,system status,temperature,relative humidity,temperature/relative humidity status,barometric pressure,barometric pressure status,pm1,pm2.5,pm4,pm10,pm status,co2,co2 status,etoh,tvoc,voc status
2023-12-18 00:00:00,4.0,25.300000000000004,9.0,0.0,29.21,0.0,1.0,1.0,1.0,1.0,0.0,399.15384615384613,0.0,13.153846153846153,0.02453846153846154,0.0
2023-12-18 00:15:00,4.0,25.3,9.0,0.0,29.21,0.0,1.0,1.0,1.0,1.0,0.0,400.6,0.0,12.933333333333334,0.024399999999999998,0.0
2023-12-18 00:30:00,4.0,25.3,9.0,0.0,29.21,0.0,1.0,1.0,1.0,1.0,0.0,392.2,0.0,12.733333333333333,0.024,0.0
2023-12-18 00:45:00,4.0,25.3,9.0,0.0,29.21,0.0,1.0,1.0,1.0,1.0,0.0,400.26666666666665,0.0,12.4,0.023066666666666666,0.0
2023-12-18 01:00:00,4.0,25.3,9.0,0.0,29.205333333333332,0.0,1.0,1.0,1.0,1.0,0.0,404.0,0.0,12.2,0.02273333333333333,0.0
2023-12-18 01:15:00,4.0,25.3,9.0,0.0,29.2,0.0,1.0,1.0,1.0,1.0,0.0,401.1333333333333,0.0,12.266666666666667,0.022866666666666664,0.0
2023-12-18 01:30:00,4.0,25.3,9.0,0.0,29.2,0.0,1.0,1.0,1.0,1.0,0.0,398.53333333333336,0.0,11.866666666666667,0.02213333333333333,0.0
2023-12-18 01:45:00,4.0,25.3,9.0,0.0,29.197333333333333,0.0,1.0,1.0,1.0,1.0,0.0,399.6,0.0,11.866666666666667,0.022333333333333334,0.0
2023-12-18 02:00:00,4.0,25.353333333333335,8.866666666666667,0.0,29.199333333333335,0.0,1.0,1.0,1.0,1.0,0.0,395.73333333333335,0.0,11.733333333333333,0.021933333333333336,0.0
2023-12-18 02:15:00,4.0,25.439999999999998,8.0,0.0,29.2,0.0,1.2666666666666666,1.5333333333333334,1.6,1.6,0.0,399.3333333333333,0.0,0.8666666666666667,0.0019333333333333333,0.0
2023-12-18 02:30:00,4.0,25.5,8.0,0.0,29.197333333333333,0.0,2.0,2.0,2.0,2.0,0.0,397.3333333333333,0.0,0.0,0.0,0.0
2023-12-18 02:45:00,4.0,25.560000000000002,8.0,0.0,29.19,0.0,2.0,2.0,2.0,2.066666666666667,0.0,401.06666666666666,0.0,0.0,0.0,0.0
2023-12-18 03:00:00,4.0,25.6,8.0,0.0,29.189333333333334,0.0,2.0,2.0,2.0,2.0,0.0,400.0,0.0,0.2,0.0012666666666666666,0.0
2023-12-18 03:15:00,4.0,25.66,8.0,0.0,29.184,0.0,1.4666666666666666,1.7333333333333334,1.7333333333333334,1.8,0.0,402.4,0.0,4.466666666666667,0.009933333333333332,0.0
2023-12-18 03:30:00,4.0,25.7,8.0,0.0,29.18,0.0,1.0666666666666667,1.3333333333333333,1.3333333333333333,1.3333333333333333,0.0,396.4,0.0,10.8,0.02033333333333333,0.0
2023-12-18 03:45:00,4.0,25.753333333333334,8.0,0.0,29.18,0.0,1.0,1.0,1.0,1.0,0.0,394.26666666666665,0.0,15.666666666666666,0.0296,0.0
2023-12-18 04:00:00,4.0,25.82,8.0,0.0,29.178,0.0,1.0,1.0,1.0,1.0,0.0,396.3333333333333,0.0,20.866666666666667,0.039066666666666666,0.0
2023-12-18 04:15:00,4.0,25.9,8.0,0.0,29.17,0.0,1.0,1.0,1.0,1.0,0.0,395.8666666666667,0.0,25.6,0.048,0.0
2023-12-18 04:30:00,4.0,25.9,8.0,0.0,29.166666666666668,0.0,1.0,1.0666666666666667,1.1333333333333333,1.1333333333333333,0.0,396.1333333333333,0.0,33.8,0.06333333333333332,0.0
2023-12-18 04:45:00,4.0,25.9,8.0,0.0,29.16,0.0,1.7333333333333334,1.8,1.8,1.8,0.0,395.1333333333333,0.0,41.2,0.07759999999999999,0.0
2023-12-18 05:00:00,4.0,25.9,8.066666666666666,0.0,29.16,0.0,2.0,2.0,2.0,2.0,0.0,392.3333333333333,0.0,53.0,0.09973333333333333,0.0
2023-12-18 05:15:00,4.0,25.9,9.0,0.0,29.151999999999997,0.0,2.0,2.0,2.0,2.0,0.0,394.2,0.0,72.73333333333333,0.13693333333333332,0.0
2023-12-18 05:30:00,4.0,25.939999999999998,9.0,0.0,29.147333333333332,0.0,1.8,1.9333333333333333,1.9333333333333333,2.0,0.0,394.06666666666666,0.0,79.13333333333334,0.14893333333333333,0.0
2023-12-18 05:45:00,4.0,26.0,9.0,0.0,29.14,0.0,1.6,1.8,1.8666666666666667,1.9333333333333333,0.0,395.2,0.0,73.6,0.1384,0.0
2023-12-18 06:00:00,4.0,26.033333333333335,9.0,0.0,29.13133333333333,0.0,1.1333333333333333,1.6,1.6666666666666667,1.6666666666666667,0.0,397.2,0.0,62.46666666666667,0.1176,0.0
2023-12-18 06:15:00,1.3333333333333333,26.21333333333333,9.0,0.0,29.13,0.0,1.8,1.9333333333333333,1.9333333333333333,1.9333333333333333,0.0,398.0,0.0,51.8,0.09753333333333333,0.0
2023-12-18 06:30:00,0.0,26.14,9.0,0.0,29.12,0.0,2.0,2.0,2.0,2.0,0.0,400.1333333333333,0.0,44.333333333333336,0.0832,0.0
2023-12-18 06:45:00,0.0,26.1,9.4,0.0,29.110000000000003,0.0,2.0,2.0,2.0,2.0,0.0,411.4,0.0,152.4,0.2862,0.0
2023-12-18 07:00:00,,,,,,,,,,,,,,,,
2023-12-18 07:15:00,,,,,,,,,,,,,,,,
2023-12-18 07:30:00,4.0,25.3,11.0,0.0,29.1,0.0,3.0,3.0,3.0,3.0,0.0,451.0,0.0,0.0,0.0,0.0
2023-12-18 07:45:00,4.0,25.566666666666666,11.0,0.0,29.09333333333333,0.0,16.0,17.0,17.0,17.066666666666666,0.0,443.93333333333334,0.0,17.733333333333334,0.033800000000000004,0.0
2023-12-18 08:00:00,4.0,25.973333333333336,11.0,0.0,29.09,0.0,17.466666666666665,18.533333333333335,18.533333333333335,18.533333333333335,0.0,430.1333333333333,0.0,0.0,0.0,0.0
2023-12-18 08:15:00,4.0,26.220000000000002,10.933333333333334,0.0,29.088666666666665,0.0,9.466666666666667,10.066666666666666,10.066666666666666,10.066666666666666,0.0,417.0,0.0,3.8,0.0072,0.0
2023-12-18 08:30:00,4.0,26.3,10.066666666666666,0.0,29.08,0.0,4.933333333333334,5.133333333333334,5.133333333333334,5.133333333333334,0.0,406.26666666666665,0.0,8.0,0.015866666666666668,0.0
2023-12-18 08:45:00,4.0,26.32,10.0,0.0,29.08,0.0,3.0,3.2666666666666666,3.2666666666666666,3.2666666666666666,0.0,398.46666666666664,0.0,0.0,0.0,0.0
2023-12-18 09:00:00,4.0,26.4,10.0,0.0,29.075333333333333,0.0,2.2666666666666666,2.466666666666667,2.533333333333333,2.533333333333333,0.0,398.6666666666667,0.0,0.0,0.0,0.0
2023-12-18 09:15:00,4.0,26.4,10.333333333333334,0.0,29.07,0.0,2.0,2.0,2.0,2.0,0.0,392.93333333333334,0.0,0.0,0.0,0.0
2023-12-18 09:30:00,4.0,26.439999999999998,11.0,0.0,29.077999999999996,0.0,2.0,2.0,2.0,2.0,0.0,393.1333333333333,0.0,0.0,0.0,0.0
2023-12-18 09:45:00,4.0,26.5,11.0,0.0,29.07,0.0,2.0,2.0,2.0,2.0,0.0,396.3333333333333,0.0,0.0,0.0,0.0
2023-12-18 10:00:00,4.0,26.5,11.0,0.0,29.07,0.0,2.1333333333333333,2.3333333333333335,2.3333333333333335,2.3333333333333335,0.0,394.53333333333336,0.0,0.0,0.0,0.0
2023-12-18 10:15:00,4.0,26.573333333333334,11.0,0.0,29.064666666666664,0.0,2.2666666666666666,2.8,2.8,2.8,0.0,396.6666666666667,0.0,0.0,0.0,0.0
2023-12-18 10:30:00,4.0,26.6,11.0,0.0,29.057333333333336,0.0,2.2666666666666666,2.6666666666666665,2.6666666666666665,2.6666666666666665,0.0,397.6,0.0,0.0,0.0,0.0
2023-12-18 10:45:00,4.0,26.6,11.0,0.0,29.05,0.0,2.8,3.066666666666667,3.066666666666667,3.066666666666667,0.0,398.0,0.0,0.0,0.0,0.0
2023-12-18 11:00:00,4.0,26.6,11.0,0.0,29.043999999999997,0.0,3.2666666666666666,3.7333333333333334,3.7333333333333334,3.7333333333333334,0.0,398.2,0.0,10.866666666666667,0.0208,0.0
2023-12-18 11:15:00,4.0,26.6,11.0,0.0,29.04,0.0,3.8666666666666667,4.0,4.0,4.0,0.0,397.73333333333335,0.0,17.4,0.032933333333333335,0.0
2023-12-18 11:30:00,4.0,26.6,11.0,0.0,29.033333333333335,0.0,4.0,4.0,4.0,4.0,0.0,396.1333333333333,0.0,13.933333333333334,0.0258,0.0
2023-12-18 11:45:00,4.0,26.6,11.0,0.0,29.032666666666668,0.0,4.066666666666666,4.266666666666667,4.4,4.466666666666667,0.0,399.53333333333336,0.0,0.0,0.0005333333333333334,0.0
2023-12-18 12:00:00,4.0,26.6,11.0,0.0,29.030000000000005,0.0,4.0,4.466666666666667,4.466666666666667,4.533333333333333,0.0,398.06666666666666,0.0,0.0,0.0,0.0
2023-12-18 12:15:00,4.0,26.686666666666667,11.0,0.0,29.026666666666667,0.0,4.0,4.133333333333334,4.133333333333334,4.133333333333334,0.0,394.1333333333333,0.0,0.0,0.0,0.0
2023-12-18 12:30:00,4.0,26.7,11.0,0.0,29.02,0.0,4.0,4.066666666666666,4.133333333333334,4.133333333333334,0.0,397.06666666666666,0.0,0.0,0.0,0.0
2023-12-18 12:45:00,4.0,26.7,11.0,0.0,29.013333333333332,0.0,4.0,4.533333333333333,4.533333333333333,4.533333333333333,0.0,393.46666666666664,0.0,0.0,0.0,0.0
2023-12-18 13:00:00,4.0,26.68,11.0,0.0,29.006000000000004,0.0,4.066666666666666,4.333333333333333,4.4,4.466666666666667,0.0,393.46666666666664,0.0,0.8,0.0018000000000000002,0.0
2023-12-18 13:15:00,4.0,26.573333333333334,11.0,0.0,29.0,0.0,3.2,3.6666666666666665,3.6666666666666665,3.6666666666666665,0.0,395.73333333333335,0.0,11.866666666666667,0.0224,0.0
2023-12-18 13:30:00,4.0,26.493333333333332,11.0,0.0,28.993333333333332,0.0,3.0,3.0,3.0,3.0,0.0,395.6666666666667,0.0,17.533333333333335,0.033,0.0
2023-12-18 13:45:00,4.0,26.4,11.0,0.0,28.985999999999997,0.0,2.6,2.7333333333333334,2.8,2.8,0.0,394.3333333333333,0.0,16.0,0.030000000000000002,0.0
2023-12-18 14:00:00,4.0,26.37333333333333,11.0,0.0,28.98,0.0,2.2666666666666666,2.7333333333333334,2.8,2.8,0.0,391.0,0.0,11.666666666666666,0.0222,0.0
2023-12-18 14:15:00,4.0,26.3,11.0,0.0,28.98,0.0,2.4,2.8,2.8,2.8,0.0,392.1333333333333,0.0,9.333333333333334,0.017866666666666666,0.0
2023-12-18 14:30:00,4.0,26.3,11.0,0.0,28.974666666666668,0.0,2.4,2.7333333333333334,2.8,2.8,0.0,389.93333333333334,0.0,3.2666666666666666,0.007466666666666667,0.0
2023-12-18 14:45:00,4.0,26.2,11.0,0.0,28.969999999999995,0.0,2.4,2.8,2.8666666666666667,2.8666666666666667,0.0,391.8666666666667,0.0,0.3333333333333333,0.0018000000000000002,0.0
2023-12-18 15:00:00,4.0,26.2,11.0,0.0,28.96,0.0,2.4,2.7333333333333334,2.8,2.8,0.0,396.46666666666664,0.0,0.0,6.666666666666667e-05,0.0
2023-12-18 15:15:00,4.0,26.153333333333332,11.0,0.0,28.96,0.0,2.066666666666667,2.2,2.2666666666666666,2.2666666666666666,0.0,393.06666666666666,0.0,0.0,0.0,0.0
2023-12-18 15:30:00,4.0,26.1,11.0,0.0,28.96,0.0,2.2,2.466666666666667,2.466666666666667,2.466666666666667,0.0,390.73333333333335,0.0,0.0,0.0,0.0
2023-12-18 15:45:00,4.0,26.1,11.0,0.0,28.955333333333332,0.0,2.1333333333333333,2.4,2.466666666666667,2.466666666666667,0.0,393.53333333333336,0.0,0.0,0.0,0.0
2023-12-18 16:00:00,4.0,26.1,11.0,0.0,28.95,0.0,2.0,2.1333333333333333,2.1333333333333333,2.1333333333333333,0.0,393.8666666666667,0.0,0.0,0.0,0.0
2023-12-18 16:15:00,4.0,26.1,11.0,0.0,28.946,0.0,2.0,2.066666666666667,2.066666666666667,2.1333333333333333,0.0,392.46666666666664,0.0,0.0,0.0,0.0
2023-12-18 16:30:00,4.0,26.033333333333335,11.466666666666667,0.0,28.937333333333335,0.0,2.0,2.2,2.2,2.2,0.0,393.93333333333334,0.0,0.0,0.0,0.0
2023-12-18 16:45:00,4.0,26.0,12.0,0.0,28.93,0.0,2.0,2.066666666666667,2.066666666666667,2.066666666666667,0.0,389.6666666666667,0.0,0.0,0.0,0.0
2023-12-18 17:00:00,4.0,26.0,12.0,0.0,28.920666666666666,0.0,2.0,2.0,2.066666666666667,2.066666666666667,0.0,391.0,0.0,0.8666666666666667,0.0026,0.0
2023-12-18 17:15:00,4.0,26.0,12.0,0.0,28.92,0.0,2.0,2.0,2.0,2.0,0.0,386.46666666666664,0.0,1.4666666666666666,0.004,0.0
2023-12-18 17:30:00,4.0,26.0,12.0,0.0,28.92,0.0,2.066666666666667,2.2,2.2666666666666666,2.3333333333333335,0.0,394.26666666666665,0.0,3.466666666666667,0.010466666666666668,0.0
2023-12-18 17:45:00,4.0,26.0,12.0,0.0,28.910666666666668,0.0,2.066666666666667,2.2,2.2666666666666666,2.3333333333333335,0.0,395.6,0.0,0.13333333333333333,0.0017333333333333333,0.0
2023-12-18 18:00:00,4.0,26.0,12.0,0.0,28.902666666666665,0.0,2.066666666666667,2.4,2.533333333333333,2.533333333333333,0.0,396.8666666666667,0.0,4.333333333333333,0.010266666666666667,0.0
2023-12-18 18:15:00,4.0,26.0,12.0,0.0,28.901333333333334,0.0,2.066666666666667,2.466666666666667,2.466666666666667,2.533333333333333,0.0,403.93333333333334,0.0,4.066666666666666,0.010866666666666667,0.0
2023-12-18 18:30:00,4.0,26.0,12.0,0.0,28.9,0.0,2.1333333333333333,2.2,2.2666666666666666,2.3333333333333335,0.0,405.26666666666665,0.0,0.0,0.0009333333333333333,0.0
2023-12-18 18:45:00,4.0,25.973333333333336,12.0,0.0,28.89466666666667,0.0,2.0,2.1333333333333333,2.1333333333333333,2.1333333333333333,0.0,403.26666666666665,0.0,0.0,0.0,0.0
2023-12-18 19:00:00,4.0,25.9,12.0,0.0,28.884666666666664,0.0,2.0,2.066666666666667,2.066666666666667,2.066666666666667,0.0,404.93333333333334,0.0,0.0,0.0,0.0
2023-12-18 19:15:00,4.0,25.9,12.0,0.0,28.88,0.0,2.0,2.066666666666667,2.066666666666667,2.066666666666667,0.0,407.8666666666667,0.0,0.0,0.0,0.0
2023-12-18 19:30:00,4.0,25.9,12.0,0.0,28.87,0.0,2.0,2.0,2.0,2.0,0.0,406.1333333333333,0.0,0.0,0.0,0.0
2023-12-18 19:45:00,2.933333333333333,25.953333333333333,12.0,0.0,28.86733333333333,0.0,2.0,2.0,2.0,2.0,0.0,407.06666666666666,0.0,0.0,0.0,0.0
2023-12-18 20:00:00,0.0,26.060000000000002,12.0,0.0,28.86,0.0,2.0,2.0,2.0,2.0,0.0,405.6666666666667,0.0,0.0,0.0,0.0
2023-12-18 20:15:00,0.0,25.993333333333332,12.0,0.0,28.86,0.0,2.0,2.0,2.0,2.0,0.0,401.2,0.0,0.0,0.0,0.0
2023-12-18 20:30:00,0.0,25.9,12.0,0.0,28.850666666666665,0.0,2.0,2.0,2.066666666666667,2.066666666666667,0.0,408.0,0.0,0.0,0.0,0.0
2023-12-18 20:45:00,0.0,25.9,12.0,0.0,28.845333333333333,0.0,2.0,2.0,2.0,2.0,0.0,405.46666666666664,0.0,0.0,0.0,0.0
2023-12-18 21:00:00,0.0,25.9,12.0,0.0,28.84,0.0,2.066666666666667,2.066666666666667,2.066666666666667,2.066666666666667,0.0,404.46666666666664,0.0,0.0,0.0,0.0
2023-12-18 21:15:00,0.0,25.9,12.0,0.0,28.84,0.0,2.0,2.0,2.0,2.0,0.0,399.93333333333334,0.0,0.0,0.0,0.0
2023-12-18 21:30:00,0.0,25.82,12.0,0.0,28.833333333333332,0.0,2.0,2.0,2.0,2.0,0.0,404.4,0.0,0.0,0.0,0.0
2023-12-18 21:45:00,0.0,25.8,12.0,0.0,28.825333333333333,0.0,2.0,2.0,2.0,2.0,0.0,398.06666666666666,0.0,0.0,0.0,0.0
2023-12-18 22:00:00,0.0,25.8,13.0,0.0,28.82,0.0,2.0,2.0,2.0,2.0,0.0,399.53333333333336,0.0,0.0,0.0,0.0
2023-12-18 22:15:00,0.0,25.8,13.0,0.0,28.81133333333333,0.0,1.9333333333333333,2.0,2.0,2.0,0.0,398.53333333333336,0.0,0.0,0.0,0.0
2023-12-18 22:30:00,0.0,25.8,13.0,0.0,28.802666666666667,0.0,1.9333333333333333,2.0,2.0,2.0,0.0,395.8666666666667,0.0,0.0,0.0,0.0
2023-12-18 22:45:00,0.0,25.8,13.0,0.0,28.793999999999997,0.0,1.7333333333333334,2.0,2.0,2.0,0.0,398.0,0.0,0.0,0.0,0.0
2023-12-18 23:00:00,0.0,25.8,13.0,0.0,28.79,0.0,1.6666666666666667,1.9333333333333333,1.9333333333333333,1.9333333333333333,0.0,401.93333333333334,0.0,0.0,0.0,0.0
2023-12-18 23:15:00,0.0,25.8,13.0,0.0,28.778000000000002,0.0,1.5333333333333334,1.7333333333333334,1.8666666666666667,1.8666666666666667,0.0,403.0,0.0,0.0,0.0,0.0
2023-12-18 23:30:00,0.0,25.8,13.0,0.0,28.77,0.0,1.2,1.6666666666666667,1.7333333333333334,1.7333333333333334,0.0,402.73333333333335,0.0,0.0,0.0,0.0
2023-12-18 23:45:00,0.0,25.8,13.0,0.0,28.77,0.0,1.2,1.4,1.4,1.4,0.0,403.8,0.0,0.0,0.0,0.0
2023-12-19 00:00:00,0.0,25.8,13.0,0.0,28.762666666666668,0.0,1.0,1.0666666666666667,1.2,1.2,0.0,404.06666666666666,0.0,0.0,0.0,0.0
2023-12-19 00:15:00,0.0,25.8,13.0,0.0,28.769333333333336,0.0,1.0,1.0,1.0666666666666667,1.0666666666666667,0.0,405.6666666666667,0.0,0.0,0.0,0.0
2023-12-19 00:30:00,0.0,25.8,13.0,0.0,28.77,0.0,1.0,1.0,1.0,1.0,0.0,407.46666666666664,0.0,0.0,0.0,0.0
2023-12-19 00:45:00,0.0,25.8,13.0,0.0,28.77,0.0,1.0,1.0,1.0,1.0,0.0,406.8,0.0,0.2,0.0008,0.0
2023-12-19 01:00:00,0.0,25.8,13.0,0.0,28.764000000000003,0.0,1.0,1.0,1.0,1.0,0.0,407.8666666666667,0.0,2.933333333333333,0.0076,0.0
2023-12-19 01:15:00,0.0,25.8,13.0,0.0,28.76,0.0,1.0,1.0666666666666667,1.0666666666666667,1.0666666666666667,0.0,406.6,0.0,9.333333333333334,0.0176,0.0
2023-12-19 01:30:00,0.0,25.8,13.0,0.0,28.76,0.0,1.0,1.0,1.0,1.0,0.0,406.06666666666666,0.0,10.2,0.0192,0.0
2023-12-19 01:45:00,0.0,25.8,13.0,0.0,28.76,0.0,1.0666666666666667,1.2666666666666666,1.3333333333333333,1.3333333333333333,0.0,403.8666666666667,0.0,10.733333333333333,0.02033333333333333,0.0
2023-12-19 02:00:00,0.0,25.8,13.0,0.0,28.76,0.0,1.2,1.6,1.6,1.6666666666666667,0.0,400.46666666666664,0.0,12.2,0.02293333333333333,0.0
2023-12-19 02:15:00,0.0,25.853333333333335,13.0,0.0,28.76,0.0,2.2666666666666666,2.4,2.4,2.4,0.0,404.93333333333334,0.0,7.4,0.014133333333333333,0.0
2023-12-19 02:30:00,0.0,25.973333333333336,13.0,0.0,28.764000000000003,0.0,3.0,3.0,3.0,3.0,0.0,404.3333333333333,0.0,0.0,0.0,0.0
2023-12-19 02:45:00,0.0,26.053333333333335,13.466666666666667,0.0,28.762666666666668,0.0,3.0,3.2666666666666666,3.2666666666666666,3.2666666666666666,0.0,406.6,0.0,0.0,0.0,0.0
2023-12-19 03:00:00,0.0,26.166666666666668,14.0,0.0,28.764000000000003,0.0,3.0,3.0,3.0,3.0,0.0,412.26666666666665,0.0,0.0,0.0,0.0
2023-12-19 03:15:00,0.0,26.2,14.0,0.0,28.770666666666667,0.0,2.933333333333333,3.0,3.0,3.0,0.0,407.4,0.0,0.0,0.0,0.0
2023-12-19 03:30:00,0.0,26.2,14.0,0.0,28.780000000000005,0.0,3.0,3.0,3.0,3.0,0.0,412.46666666666664,0.0,0.0,0.0,0.0
2023-12-19 03:45:00,0.0,26.220000000000002,14.0,0.0,28.780000000000005,0.0,3.0,3.0,3.0,3.0,0.0,408.73333333333335,0.0,0.0,0.0,0.0
2023-12-19 04:00:00,0.0,26.3,14.0,0.0,28.78066666666667,0.0,3.0,3.066666666666667,3.066666666666667,3.066666666666667,0.0,406.93333333333334,0.0,1.0666666666666667,0.0023333333333333335,0.0
2023-12-19 04:15:00,0.0,26.353333333333335,14.0,0.0,28.78666666666667,0.0,3.0,3.0,3.0,3.0,0.0,400.73333333333335,0.0,6.666666666666667,0.014,0.0
2023-12-19 04:30:00,0.0,26.4,14.0,0.0,28.788,0.0,3.0,3.0,3.0,3.0,0.0,400.8,0.0,1.3333333333333333,0.002866666666666667,0.0
2023-12-19 04:45:00,0.0,26.4,14.0,0.0,28.796666666666667,0.0,3.0,3.0,3.0,3.0,0.0,404.3333333333333,0.0,5.6,0.0116,0.0
2023-12-19 05:00:00,0.0,26.4,14.0,0.0,28.8,0.0,3.0,3.0,3.0,3.0,0.0,409.8,0.0,21.733333333333334,0.040799999999999996,0.0
2023-12-19 05:15:00,0.0,26.38,14.0,0.0,28.8,0.0,3.0,3.3333333333333335,3.3333333333333335,3.3333333333333335,0.0,410.6666666666667,0.0,11.466666666666667,0.021533333333333335,0.0
2023-12-19 05:30:00,0.0,26.4,14.0,0.0,28.80933333333333,0.0,3.0,3.4,3.4,3.4,0.0,412.3333333333333,0.0,2.8,0.0061333333333333335,0.0
2023-12-19 05:45:00,0.0,26.4,14.0,0.0,28.81,0.0,3.1333333333333333,3.6,3.6666666666666665,3.6666666666666665,0.0,412.93333333333334,0.0,2.066666666666667,0.005,0.0
2023-12-19 06:00:00,0.0,26.4,14.0,0.0,28.816,0.0,3.6666666666666665,4.0,4.0,4.0,0.0,412.06666666666666,0.0,0.0,0.0,0.0
2023-12-19 06:15:00,0.0,26.4,14.0,0.0,28.82,0.0,3.6666666666666665,3.933333333333333,4.0,4.0,0.0,411.46666666666664,0.0,23.066666666666666,0.04346666666666667,0.0
2023-12-19 06:30:00,0.0,26.459999999999997,14.0,0.0,28.826666666666664,0.0,3.933333333333333,4.0,4.0,4.0,0.0,412.6,0.0,51.46666666666667,0.09686666666666667,0.0
2023-12-19 06:45:00,0.0,26.473333333333336,14.0,0.0,28.836,0.0,3.933333333333333,4.133333333333334,4.133333333333334,4.133333333333334,0.0,410.8,0.0,20.533333333333335,0.038799999999999994,0.0
2023-12-19 07:00:00,0.0,26.173333333333336,14.0,0.0,28.846,0.0,3.2666666666666666,3.7333333333333334,3.8666666666666667,3.8666666666666667,0.0,407.1333333333333,0.0,0.8666666666666667,0.0016666666666666668,0.0
2023-12-19 07:15:00,0.0,25.813333333333333,13.6,0.0,28.862666666666666,0.0,2.6,2.8666666666666667,2.8666666666666667,2.933333333333333,0.0,415.8666666666667,0.0,3.6666666666666665,0.0082,0.0
2023-12-19 07:30:00,0.0,25.74285714285714,13.214285714285714,0.0,28.874285714285715,0.0,2.0,2.0714285714285716,2.142857142857143,2.142857142857143,0.0,432.2857142857143,0.0,18.857142857142858,0.03557142857142857,0.0
2023-12-19 07:45:00,,,,,,,,,,,,,,,,
2023-12-19 08:00:00,4.0,25.211111111111112,12.777777777777779,0.0,28.89222222222222,0.0,53.22222222222222,56.333333333333336,56.888888888888886,57.22222222222222,0.0,419.22222222222223,0.0,76.11111111111111,0.143,0.0
2023-12-19 08:15:00,4.0,25.48,12.066666666666666,0.0,28.904666666666667,0.0,79.33333333333333,84.06666666666666,84.2,84.33333333333333,0.0,414.8666666666667,0.0,90.53333333333333,0.16999999999999998,0.0
2023-12-19 08:30:00,4.0,25.7,11.533333333333333,0.0,28.912,0.0,32.333333333333336,34.2,34.333333333333336,34.333333333333336,0.0,414.6666666666667,0.0,2.8666666666666667,0.0061333333333333335,0.0
2023-12-19 08:45:00,4.0,25.846666666666668,11.0,0.0,28.922000000000004,0.0,14.466666666666667,15.133333333333333,15.133333333333333,15.2,0.0,404.6,0.0,0.5333333333333333,0.0015333333333333334,0.0
2023-12-19 09:00:00,4.0,25.9,11.0,0.0,28.933333333333334,0.0,6.4,6.6,6.6,6.666666666666667,0.0,399.46666666666664,0.0,0.0,0.0,0.0
2023-12-19 09:15:00,4.0,25.9,11.0,0.0,28.943333333333335,0.0,3.3333333333333335,3.6,3.6,3.6,0.0,399.8,0.0,2.4,0.0048000000000000004,0.0
2023-12-19 09:30:00,4.0,25.86,11.0,0.0,28.95,0.0,2.066666666666667,2.1333333333333333,2.1333333333333333,2.1333333333333333,0.0,401.46666666666664,0.0,5.666666666666667,0.011399999999999999,0.0
2023-12-19 09:45:00,4.0,25.9,11.0,0.0,28.959333333333333,0.0,1.2666666666666666,1.4666666666666666,1.4666666666666666,1.4666666666666666,0.0,395.6,0.0,0.0,0.0,0.0
2023-12-19 10:00:00,4.0,25.80666666666667,10.0,0.0,28.96,0.0,1.0,1.0666666666666667,1.0666666666666667,1.0666666666666667,0.0,396.8666666666667,0.0,6.266666666666667,0.0118,0.0
2023-12-19 10:15:00,4.0,25.8,10.333333333333334,0.0,28.969999999999995,0.0,1.0,1.0,1.0,1.0,0.0,395.93333333333334,0.0,8.066666666666666,0.015933333333333334,0.0
2023-12-19 10:30:00,4.0,25.8,11.0,0.0,28.971999999999998,0.0,1.0,1.0,1.0,1.0,0.0,396.53333333333336,0.0,1.1333333333333333,0.003333333333333333,0.0
2023-12-19 10:45:00,4.0,25.706666666666663,11.0,0.0,28.978666666666665,0.0,1.0,1.0,1.0666666666666667,1.0666666666666667,0.0,397.4,0.0,5.666666666666667,0.010866666666666667,0.0
2023-12-19 11:00:00,4.0,25.8,11.0,0.0,28.98,0.0,1.0,1.0666666666666667,1.1333333333333333,1.1333333333333333,0.0,398.06666666666666,0.0,15.933333333333334,0.030000000000000002,0.0
2023-12-19 11:15:00,4.0,25.8,11.0,0.0,28.98933333333333,0.0,1.0,1.0,1.0,1.0,0.0,402.3333333333333,0.0,15.4,0.029,0.0
2023-12-19 11:30:00,4.0,25.706666666666663,11.0,0.0,28.99,0.0,1.0,1.0,1.0,1.0,0.0,409.46666666666664,0.0,7.666666666666667,0.015933333333333334,0.0
2023-12-19 11:45:00,4.0,25.779999999999998,11.0,0.0,29.0,0.0,1.0,1.0666666666666667,1.0666666666666667,1.0666666666666667,0.0,409.93333333333334,0.0,7.8,0.015866666666666664,0.0
2023-12-19 12:00:00,4.0,25.8,11.0,0.0,29.0,0.0,1.0,1.0666666666666667,1.0666666666666667,1.0666666666666667,0.0,402.73333333333335,0.0,1.4666666666666666,0.005533333333333334,0.0
2023-12-19 12:15:00,4.0,25.720000000000002,11.0,0.0,29.0,0.0,1.0,1.0,1.0,1.0,0.0,399.6666666666667,0.0,2.3333333333333335,0.0052,0.0
2023-12-19 12:30:00,4.0,25.7,11.066666666666666,0.0,29.0,0.0,1.0,1.0,1.0,1.0,0.0,396.93333333333334,0.0,12.466666666666667,0.023799999999999998,0.0
2023-12-19 12:45:00,4.0,25.653333333333332,11.0,0.0,29.00133333333333,0.0,1.0,1.0,1.0,1.0,0.0,398.4,0.0,2.1333333333333333,0.004866666666666667,0.0
2023-12-19 13:00:00,4.0,25.62666666666667,11.266666666666667,0.0,29.007333333333335,0.0,1.0,1.0,1.0,1.0,0.0,397.0,0.0,27.933333333333334,0.053200000000000004,0.0
2023-12-19 13:15:00,4.0,25.7,12.0,0.0,29.002666666666666,0.0,1.0,1.0,1.0,1.0,0.0,403.46666666666664,0.0,362.0,0.6807333333333333,0.0
2023-12-19 13:30:00,4.0,25.7,12.0,0.0,29.01,0.0,1.0,1.0,1.0,1.0,0.0,401.93333333333334,0.0,425.6666666666667,0.8002666666666667,0.0
2023-12-19 13:45:00,4.0,25.7,12.0,0.0,29.01,0.0,1.0,1.0,1.0,1.0,0.0,411.1333333333333,0.0,439.6,0.8268,0.0
2023-12-19 14:00:00,4.0,25.7,12.0,0.0,29.01,0.0,1.0,1.0,1.0,1.0,0.0,413.2,0.0,444.93333333333334,0.8365333333333334,0.0
2023-12-19 14:15:00,4.0,25.7,12.066666666666666,0.0,29.01,0.0,1.0,1.0,1.0,1.0,0.0,410.53333333333336,0.0,449.2,0.8447333333333333,0.0
2023-12-19 14:30:00,4.0,25.7,12.933333333333334,0.0,29.01,0.0,1.0,1.0,1.0,1.0,0.0,410.93333333333334,0.0,451.6666666666667,0.8492,0.0
2023-12-19 14:45:00,4.0,25.7,13.0,0.0,29.01,0.0,1.0,1.0,1.0,1.0,0.0,409.6,0.0,453.53333333333336,0.8526,0.0
2023-12-19 15:00:00,4.0,25.673333333333336,13.0,0.0,29.006666666666668,0.0,1.0,1.0,1.0,1.0,0.0,406.73333333333335,0.0,453.8666666666667,0.8530666666666666,0.0
2023-12-19 15:15:00,4.0,25.60666666666667,13.0,0.0,29.01,0.0,1.0,1.0,1.0,1.0,0.0,402.0,0.0,454.4,0.8542666666666666,0.0
2023-12-19 15:30:00,4.0,25.6,13.0,0.0,29.01,0.0,1.0,1.0,1.0,1.0,0.0,403.93333333333334,0.0,455.3333333333333,0.856,0.0
2023-12-19 15:45:00,4.0,25.6,13.0,0.0,29.01,0.0,1.0,1.0,1.0,1.0,0.0,404.93333333333334,0.0,455.06666666666666,0.8552666666666667,0.0
2023-12-19 16:00:00,4.0,25.6,13.0,0.0,29.01,0.0,1.0,1.0,1.0,1.0,0.0,408.8,0.0,455.46666666666664,0.8564,0.0
2023-12-19 16:15:00,4.0,25.6,13.0,0.0,29.01,0.0,1.0,1.0,1.0,1.0,0.0,409.73333333333335,0.0,455.8666666666667,0.8567333333333332,0.0
2023-12-19 16:30:00,4.0,25.6,13.0,0.0,29.01,0.0,1.0,1.0,1.0,1.0,0.0,409.0,0.0,456.8,0.8588666666666666,0.0
2023-12-19 16:45:00,4.0,25.6,13.0,0.0,29.01,0.0,1.0,1.0,1.0,1.0,0.0,406.0,0.0,457.1333333333333,0.8593333333333334,0.0
2023-12-19 17:00:00,4.0,25.6,13.0,0.0,29.01,0.0,1.0,1.0,1.0,1.0,0.0,399.8,0.0,457.93333333333334,0.861,0.0
2023-12-19 17:15:00,4.0,25.6,13.0,0.0,29.01,0.0,1.0,1.0,1.0,1.0,0.0,400.0,0.0,457.8666666666667,0.8607333333333334,0.0
2023-12-19 17:30:00,4.0,25.6,13.0,0.0,29.01,0.0,1.0,1.0,1.0,1.0,0.0,398.2,0.0,458.53333333333336,0.8622,0.0
2023-12-19 17:45:00,4.0,25.6,13.0,0.0,29.01,0.0,1.0,1.0,1.0,1.0,0.0,399.0,0.0,458.06666666666666,0.8613999999999999,0.0
2023-12-19 18:00:00,4.0,25.6,13.0,0.0,29.01,0.0,1.0,1.0,1.0,1.0,0.0,403.8,0.0,459.4,0.8635333333333333,0.0
2023-12-19 18:15:00,4.0,25.6,13.0,0.0,29.01,0.0,1.0,1.0,1.0,1.0,0.0,402.8,0.0,460.8,0.8665333333333333,0.0
2023-12-19 18:30:00,4.0,25.6,13.0,0.0,29.01,0.0,1.0,1.0,1.0,1.0,0.0,403.8,0.0,459.8666666666667,0.8645333333333334,0.0
2023-12-19 18:45:00,4.0,25.6,13.0,0.0,29.01,0.0,1.0,1.0,1.0,1.0,0.0,403.46666666666664,0.0,458.93333333333334,0.8628,0.0
2023-12-19 19:00:00,4.0,25.6,13.0,0.0,29.01,0.0,1.0,1.0,1.0,1.0,0.0,406.26666666666665,0.0,458.6666666666667,0.8625333333333334,0.0
2023-12-19 19:15:00,4.0,25.6,13.0,0.0,29.01,0.0,1.0,1.0,1.0,1.0,0.0,400.6666666666667,0.0,458.6,0.8623333333333334,0.0
2023-12-19 19:30:00,4.0,25.553333333333335,13.0,0.0,29.01,0.0,1.0,1.0,1.0,1.0,0.0,399.8666666666667,0.0,457.0,0.859,0.0
2023-12-19 19:45:00,4.0,25.5,13.0,0.0,29.01,0.0,1.0,1.0,1.0,1.0,0.0,399.6666666666667,0.0,457.2,0.8592,0.0
2023-12-19 20:00:00,4.0,25.5,13.0,0.0,29.01,0.0,1.0,1.0,1.0,1.0,0.0,396.06666666666666,0.0,455.1333333333333,0.8555333333333334,0.0
2023-12-19 20:15:00,4.0,25.5,13.0,0.0,29.01,0.0,1.0,1.0,1.0,1.0,0.0,399.73333333333335,0.0,455.2,0.8556666666666666,0.0
2023-12-19 20:30:00,4.0,25.5,13.0,0.0,29.01,0.0,1.0,1.0,1.0,1.0,0.0,398.46666666666664,0.0,455.1333333333333,0.8556,0.0
2023-12-19 20:45:00,4.0,25.5,13.0,0.0,29.01,0.0,0.9333333333333333,1.0,1.0,1.0,0.0,391.8,0.0,454.3333333333333,0.8542,0.0
2023-12-19 21:00:00,4.0,25.513333333333332,13.0,0.0,29.008666666666667,0.0,1.0,1.0,1.0,1.0,0.0,395.26666666666665,0.0,453.4,0.8524666666666666,0.0
2023-12-19 21:15:00,4.0,25.5,13.0,0.0,29.004666666666665,0.0,0.8666666666666667,0.8666666666666667,0.8666666666666667,0.8666666666666667,0.0,395.53333333333336,0.0,454.8666666666667,0.8551333333333333,0.0
2023-12-19 21:30:00,4.0,25.5,13.0,0.0,29.0,0.0,0.8,0.9333333333333333,0.9333333333333333,0.9333333333333333,0.0,396.1333333333333,0.0,454.6666666666667,0.8543999999999999,0.0
2023-12-19 21:45:00,4.0,25.5,13.0,0.0,29.0,0.0,0.8,0.8666666666666667,0.8666666666666667,0.8666666666666667,0.0,393.26666666666665,0.0,454.93333333333334,0.8552666666666667,0.0
2023-12-19 22:00:00,4.0,25.5,13.0,0.0,29.0,0.0,0.8,0.9333333333333333,0.9333333333333333,0.9333333333333333,0.0,393.3333333333333,0.0,452.8,0.8514666666666667,0.0
2023-12-19 22:15:00,4.0,25.5,13.0,0.0,29.0,0.0,1.0,1.0,1.0,1.0,0.0,395.73333333333335,0.0,452.93333333333334,0.8516666666666667,0.0
2023-12-19 22:30:00,4.0,25.5,13.0,0.0,29.0,0.0,1.0,1.0,1.0,1.0,0.0,398.8666666666667,0.0,453.1333333333333,0.8522,0.0
2023-12-19 22:45:00,4.0,25.5,13.0,0.0,28.992,0.0,1.0,1.0,1.0,1.0,0.0,394.53333333333336,0.0,453.0,0.8518,0.0
2023-12-19 23:00:00,4.0,25.5,13.0,0.0,28.99,0.0,1.0,1.0,1.0,1.0,0.0,394.3333333333333,0.0,452.2,0.85,0.0
2023-12-19 23:15:00,4.0,25.5,13.0,0.0,28.99,0.0,1.0,1.0,1.0,1.0,0.0,398.06666666666666,0.0,451.93333333333334,0.8496666666666666,0.0
2023-12-19 23:30:00,4.0,25.5,13.0,0.0,28.985999999999997,0.0,1.0,1.0,1.0,1.0,0.0,396.6666666666667,0.0,452.8,0.8513999999999999,0.0
2023-12-19 23:45:00,4.0,25.5,13.0,0.0,28.98,0.0,0.9333333333333333,1.0,1.0,1.0,0.0,394.26666666666665,0.0,450.2,0.8463999999999999,0.0
2023-12-20 00:00:00,4.0,25.5,13.0,0.0,28.98,0.0,0.7333333333333333,0.8666666666666667,0.8666666666666667,0.8666666666666667,0.0,396.4,0.0,452.3333333333333,0.8505333333333333,0.0
2023-12-20 00:15:00,4.0,25.5,13.0,0.0,28.98,0.0,0.6,0.6666666666666666,0.6666666666666666,0.6666666666666666,0.0,394.2,0.0,451.93333333333334,0.8495333333333334,0.0
2023-12-20 00:30:00,4.0,25.5,13.0,0.0,28.98,0.0,0.4666666666666667,0.6,0.6,0.6,0.0,393.8666666666667,0.0,451.8,0.8493999999999999,0.0
2023-12-20 00:45:00,4.0,25.5,13.0,0.0,28.98,0.0,0.6,0.7333333333333333,0.7333333333333333,0.7333333333333333,0.0,393.0,0.0,453.26666666666665,0.8519333333333333,0.0
2023-12-20 01:00:00,4.0,25.5,13.0,0.0,28.98,0.0,0.8666666666666667,0.9333333333333333,0.9333333333333333,0.9333333333333333,0.0,396.26666666666665,0.0,453.1333333333333,0.8519333333333333,0.0
2023-12-20 01:15:00,4.0,25.5,13.0,0.0,28.98,0.0,0.6666666666666666,0.7333333333333333,0.7333333333333333,0.7333333333333333,0.0,395.4,0.0,453.8,0.8532,0.0
2023-12-20 01:30:00,4.0,25.486666666666668,13.0,0.0,28.98,0.0,0.6666666666666666,0.8,0.8,0.8,0.0,399.8,0.0,453.6666666666667,0.8529333333333333,0.0
2023-12-20 01:45:00,4.0,25.4,13.0,0.0,28.98,0.0,0.5333333333333333,0.7333333333333333,0.7333333333333333,0.7333333333333333,0.0,396.93333333333334,0.0,457.6,0.8604,0.0
2023-12-20 02:00:00,4.0,25.406666666666663,13.0,0.0,28.99,0.0,0.6,0.7333333333333333,0.7333333333333333,0.7333333333333333,0.0,391.46666666666664,0.0,460.0,0.8646666666666667,0.0
2023-12-20 02:15:00,4.0,25.4,12.0,0.0,28.99,0.0,1.0,1.0,1.0,1.0,0.0,395.53333333333336,0.0,255.2,0.47953333333333337,0.0
2023-12-20 02:30:00,4.0,25.39333333333333,12.0,0.0,28.99,0.0,1.0,1.0,1.0,1.0,0.0,402.06666666666666,0.0,187.26666666666668,0.35213333333333335,0.0
2023-12-20 02:45:00,4.0,25.4,12.0,0.0,28.993333333333332,0.0,1.0,1.0,1.0,1.0,0.0,398.06666666666666,0.0,255.2,0.4796666666666667,0.0
2023-12-20 03:00:00,4.0,25.4,11.866666666666667,0.0,29.0,0.0,1.0666666666666667,1.2666666666666666,1.2666666666666666,1.2666666666666666,0.0,396.06666666666666,0.0,353.26666666666665,0.6640666666666667,0.0
2023-12-20 03:15:00,4.0,25.4,12.0,0.0,29.006666666666668,0.0,1.9333333333333333,2.0,2.0,2.0,0.0,399.93333333333334,0.0,381.8666666666667,0.7178,0.0
2023-12-20 03:30:00,4.0,25.4,12.0,0.0,29.01,0.0,2.066666666666667,2.2,2.2,2.2,0.0,399.53333333333336,0.0,318.4,0.5987333333333333,0.0
2023-12-20 03:45:00,4.0,25.4,12.0,0.0,29.018666666666665,0.0,2.0,2.0,2.0,2.0,0.0,398.2,0.0,377.53333333333336,0.7099333333333334,0.0
2023-12-20 04:00:00,4.0,25.4,12.0,0.0,29.023333333333333,0.0,2.0,2.0,2.0,2.0,0.0,397.46666666666664,0.0,455.53333333333336,0.8563333333333333,0.0
2023-12-20 04:15:00,4.0,25.4,12.0,0.0,29.030000000000005,0.0,1.2,1.4,1.4,1.4,0.0,398.46666666666664,0.0,527.4,0.9913333333333333,0.0
2023-12-20 04:30:00,4.0,25.4,12.0,0.0,29.033333333333335,0.0,1.0,1.0,1.0,1.0,0.0,393.8666666666667,0.0,479.73333333333335,0.9016666666666667,0.0
2023-12-20 04:45:00,4.0,25.4,12.0,0.0,29.04,0.0,1.0,1.0,1.0,1.0,0.0,398.2,0.0,413.93333333333334,0.7782,0.0
2023-12-20 05:00:00,4.0,25.4,11.866666666666667,0.0,29.043999999999997,0.0,1.0,1.0,1.0,1.0,0.0,401.53333333333336,0.0,422.6666666666667,0.7944,0.0
2023-12-20 05:15:00,4.0,25.4,11.666666666666666,0.0,29.05,0.0,1.0,1.0,1.0,1.0,0.0,398.8666666666667,0.0,363.6,0.6836,0.0
2023-12-20 05:30:00,4.0,25.453333333333333,12.0,0.0,29.05,0.0,0.9333333333333333,1.0,1.0,1.0,0.0,414.3333333333333,0.0,1932.6666666666667,3.6330000000000005,0.0
2023-12-20 05:45:00,4.0,25.580000000000002,12.0,0.0,29.05933333333333,0.0,1.0,1.0,1.0,1.0,0.0,422.8,0.0,6372.266666666666,11.980133333333333,0.0
2023-12-20 06:00:00,1.8666666666666667,25.766666666666666,11.266666666666667,0.0,29.064,0.0,1.0,1.0,1.0,1.0,0.0,425.3333333333333,0.0,4252.6,7.9948,0.0
2023-12-20 06:15:00,0.0,25.8,11.0,0.0,29.07,0.0,1.0,1.0,1.0,1.0,0.0,429.6,0.0,3120.866666666667,5.867133333333333,0.0
2023-12-20 06:30:00,,,,,,,,,,,,,,,,
2023-12-20 06:45:00,,,,,,,,,,,,,,,,
2023-12-20 07:00:00,,,,,,,,,,,,,,,,
2023-12-20 07:15:00,,,,,,,,,,,,,,,,
2023-12-20 07:30:00,0.0,24.72,12.0,0.0,29.089999999999996,0.0,3.8,4.2,4.2,4.2,0.0,419.4,0.0,0.0,0.0,0.0
2023-12-20 07:45:00,0.0,24.959999999999997,12.0,0.0,29.1,0.0,19.866666666666667,21.466666666666665,21.666666666666668,21.733333333333334,0.0,439.8666666666667,0.0,14.733333333333333,0.027666666666666666,0.0
2023-12-20 08:00:00,0.0,25.233333333333334,12.0,0.0,29.103333333333335,0.0,7.266666666666667,7.6,7.666666666666667,7.666666666666667,0.0,425.06666666666666,0.0,16.0,0.030266666666666667,0.0
2023-12-20 08:15:00,0.5333333333333333,25.37333333333333,11.0,0.0,29.11,0.0,5.466666666666667,6.0,6.0,6.066666666666666,0.0,415.53333333333336,0.0,0.0,0.0,0.0
2023-12-20 08:30:00,0.0,25.4,11.0,0.0,29.12,0.0,5.333333333333333,5.666666666666667,5.733333333333333,5.8,0.0,402.0,0.0,0.0,0.0,0.0
2023-12-20 08:45:00,0.0,25.4,11.0,0.0,29.121333333333332,0.0,4.533333333333333,5.0,5.0,5.0,0.0,400.53333333333336,0.0,0.0,0.0,0.0
2023-12-20 09:00:00,0.0,25.439999999999998,11.0,0.0,29.13,0.0,3.466666666666667,3.6666666666666665,3.6666666666666665,3.6666666666666665,0.0,398.6,0.0,0.0,0.0002666666666666667,0.0
2023-12-20 09:15:00,0.0,25.413333333333334,10.866666666666667,0.0,29.137333333333334,0.0,3.0,3.066666666666667,3.066666666666667,3.1333333333333333,0.0,397.6,0.0,10.333333333333334,0.020066666666666667,0.0
2023-12-20 09:30:00,0.0,25.4,10.066666666666666,0.0,29.154,0.0,2.0,2.3333333333333335,2.466666666666667,2.466666666666667,0.0,397.0,0.0,6.133333333333334,0.011533333333333333,0.0
2023-12-20 09:45:00,0.0,25.433333333333334,10.0,0.0,29.164,0.0,2.0,2.1333333333333333,2.1333333333333333,2.1333333333333333,0.0,398.2,0.0,3.533333333333333,0.0071333333333333335,0.0
2023-12-20 10:00:00,0.0,25.37333333333333,10.0,0.0,29.176,0.0,2.0,2.0,2.0,2.0,0.0,391.53333333333336,0.0,1.5333333333333334,0.003,0.0
2023-12-20 10:15:00,0.0,25.39333333333333,10.0,0.0,29.18,0.0,2.0,2.0,2.0,2.0,0.0,394.53333333333336,0.0,24.333333333333332,0.045533333333333335,0.0
2023-12-20 10:30:00,0.0,25.4,10.0,0.0,29.18866666666667,0.0,2.0,2.066666666666667,2.066666666666667,2.066666666666667,0.0,392.93333333333334,0.0,11.066666666666666,0.021133333333333334,0.0
2023-12-20 10:45:00,0.0,25.4,10.0,0.0,29.199333333333335,0.0,2.0,2.0,2.0,2.0,0.0,399.06666666666666,0.0,42.8,0.08053333333333333,0.0
2023-12-20 11:00:00,0.0,25.4,10.0,0.0,29.2,0.0,2.0,2.0,2.0,2.0,0.0,401.0,0.0,46.06666666666667,0.0866,0.0
2023-12-20 11:15:00,0.0,25.4,10.0,0.0,29.209333333333333,0.0,2.0,2.0,2.0,2.0,0.0,397.3333333333333,0.0,37.0,0.06953333333333332,0.0
2023-12-20 11:30:00,0.0,25.4,10.0,0.0,29.218666666666664,0.0,2.0,2.0,2.0,2.0,0.0,400.1333333333333,0.0,58.06666666666667,0.10906666666666666,0.0
2023-12-20 11:45:00,0.0,25.4,10.0,0.0,29.223333333333333,0.0,1.9333333333333333,2.0,2.0,2.0,0.0,398.6666666666667,0.0,91.4,0.17186666666666667,0.0
2023-12-20 12:00:00,0.0,25.4,9.2,0.0,29.23,0.0,1.3333333333333333,1.6,1.6,1.6,0.0,398.2,0.0,36.0,0.06739999999999999,0.0
2023-12-20 12:15:00,0.0,25.433333333333334,9.0,0.0,29.232666666666667,0.0,1.0,1.1333333333333333,1.1333333333333333,1.1333333333333333,0.0,405.93333333333334,0.0,36.266666666666666,0.0682,0.0
2023-12-20 12:30:00,0.0,25.37333333333333,9.0,0.0,29.24,0.0,1.0,1.0,1.0,1.0,0.0,402.53333333333336,0.0,0.26666666666666666,0.0012000000000000001,0.0
2023-12-20 12:45:00,0.0,25.38,9.0,0.0,29.245333333333335,0.0,1.0,1.0,1.0,1.0,0.0,395.6666666666667,0.0,10.733333333333333,0.020533333333333334,0.0
2023-12-20 13:00:00,0.0,25.4,9.266666666666667,0.0,29.25,0.0,1.0,1.0,1.0,1.0,0.0,401.06666666666666,0.0,13.4,0.026333333333333334,0.0
2023-12-20 13:15:00,0.0,25.4,10.533333333333333,0.0,29.25133333333333,0.0,1.0,1.0,1.0,1.0,0.0,406.0,0.0,259.06666666666666,0.487,0.0
2023-12-20 13:30:00,0.0,25.4,11.0,0.0,29.25,0.0,1.0,1.0,1.0,1.0,0.0,408.8,0.0,398.2,0.7485999999999999,0.0
2023-12-20 13:45:00,0.0,25.37333333333333,11.066666666666666,0.0,29.244666666666664,0.0,1.0,1.0,1.0,1.0,0.0,407.1333333333333,0.0,418.06666666666666,0.786,0.0
2023-12-20 14:00:00,0.0,25.3,12.0,0.0,29.24,0.0,1.0,1.0,1.0,1.0,0.0,402.93333333333334,0.0,424.3333333333333,0.7976,0.0
2023-12-20 14:15:00,0.0,25.3,12.0,0.0,29.24,0.0,1.0,1.0,1.0,1.0,0.0,408.46666666666664,0.0,427.8,0.8039333333333334,0.0
2023-12-20 14:30:00,0.0,25.3,12.0,0.0,29.24,0.0,1.0,1.0,1.0,1.0,0.0,409.73333333333335,0.0,432.6666666666667,0.8135333333333333,0.0
2023-12-20 14:45:00,0.0,25.326666666666664,12.0,0.0,29.24,0.0,1.0,1.0,1.0,1.0,0.0,404.0,0.0,434.53333333333336,0.8170666666666666,0.0
2023-12-20 15:00:00,0.0,25.3,12.0,0.0,29.241333333333333,0.0,1.0,1.0,1.0,1.0,0.0,407.4,0.0,433.8666666666667,0.8157999999999999,0.0
2023-12-20 15:15:00,0.0,25.3,12.0,0.0,29.247999999999998,0.0,1.0,1.0,1.0,1.0,0.0,408.4,0.0,437.3333333333333,0.8222666666666666,0.0
2023-12-20 15:30:00,0.0,25.3,12.0,0.0,29.25,0.0,1.0,1.0,1.0,1.0,0.0,407.06666666666666,0.0,436.1333333333333,0.8198,0.0
2023-12-20 15:45:00,0.0,25.3,12.0,0.0,29.244666666666664,0.0,1.0,1.0,1.0,1.0,0.0,406.6666666666667,0.0,436.3333333333333,0.8203999999999999,0.0
2023-12-20 16:00:00,0.0,25.3,12.0,0.0,29.24,0.0,1.0,1.0,1.0,1.0,0.0,401.6666666666667,0.0,437.26666666666665,0.8220666666666666,0.0
2023-12-20 16:15:00,0.0,25.3,12.0,0.0,29.236666666666668,0.0,1.0,1.0,1.0,1.0,0.0,408.53333333333336,0.0,436.0,0.8198666666666666,0.0
2023-12-20 16:30:00,0.0,25.3,12.0,0.0,29.23,0.0,1.0,1.0,1.0,1.0,0.0,406.6,0.0,437.73333333333335,0.8232666666666667,0.0
2023-12-20 16:45:00,0.0,25.3,12.0,0.0,29.23,0.0,1.0,1.0,1.0,1.0,0.0,402.0,0.0,442.3333333333333,0.8314,0.0
2023-12-20 17:00:00,0.0,25.3,12.0,0.0,29.23,0.0,1.0,1.0,1.0,1.0,0.0,399.6,0.0,440.53333333333336,0.8282666666666666,0.0
2023-12-20 17:15:00,0.0,25.3,12.0,0.0,29.235333333333333,0.0,1.0,1.0,1.0,1.0,0.0,402.8,0.0,441.06666666666666,0.8290666666666666,0.0
2023-12-20 17:30:00,0.0,25.3,12.0,0.0,29.227333333333334,0.0,1.0,1.0,1.0,1.0,0.0,405.0,0.0,443.53333333333336,0.834,0.0
2023-12-20 17:45:00,0.0,25.3,12.0,0.0,29.224,0.0,1.0,1.0,1.0,1.0,0.0,400.93333333333334,0.0,494.4,0.9294,0.0
2023-12-20 18:00:00,0.0,25.226666666666667,12.0,0.0,29.217333333333332,0.0,1.0,1.0,1.0,1.0,0.0,403.6,0.0,498.8,0.9377333333333334,0.0
2023-12-20 18:15:00,0.0,25.206666666666663,12.0,0.0,29.21,0.0,1.0,1.0,1.0,1.0,0.0,400.6,0.0,471.46666666666664,0.8862,0.0
2023-12-20 18:30:00,0.0,25.3,12.0,0.0,29.21,0.0,1.0,1.0,1.0,1.0,0.0,404.46666666666664,0.0,462.3333333333333,0.8688666666666667,0.0
2023-12-20 18:45:00,0.0,25.3,12.4,0.0,29.21,0.0,1.0,1.0,1.0,1.0,0.0,404.2,0.0,456.53333333333336,0.8584666666666666,0.0
2023-12-20 19:00:00,0.0,25.3,13.0,0.0,29.21066666666667,0.0,1.0,1.0,1.0,1.0,0.0,403.1333333333333,0.0,454.4,0.8543333333333333,0.0
2023-12-20 19:15:00,0.0,25.3,13.0,0.0,29.203333333333333,0.0,1.0,1.0,1.0,1.0,0.0,404.93333333333334,0.0,452.06666666666666,0.8499333333333332,0.0
2023-12-20 19:30:00,0.0,25.266666666666666,13.0,0.0,29.2,0.0,1.0,1.0,1.0,1.0,0.0,407.8,0.0,449.6,0.8450666666666666,0.0
2023-12-20 19:45:00,0.0,25.28666666666667,13.0,0.0,29.196,0.0,1.0,1.0,1.0,1.0,0.0,405.0,0.0,448.2,0.8424666666666667,0.0
2023-12-20 20:00:00,0.0,25.2,13.0,0.0,29.200666666666667,0.0,1.0,1.0,1.0,1.0,0.0,404.93333333333334,0.0,448.26666666666665,0.8428,0.0
2023-12-20 20:15:00,0.0,25.2,13.0,0.0,29.209333333333333,0.0,1.0,1.0,1.0,1.0,0.0,401.8666666666667,0.0,445.1333333333333,0.8369333333333333,0.0
2023-12-20 20:30:00,0.0,25.21333333333333,13.0,0.0,29.20133333333333,0.0,1.0,1.0,1.0,1.0,0.0,402.6,0.0,446.6666666666667,0.8394666666666666,0.0
2023-12-20 20:45:00,0.0,25.3,13.0,0.0,29.2,0.0,1.0,1.0,1.0,1.0,0.0,400.0,0.0,449.0,0.8441333333333333,0.0
2023-12-20 21:00:00,0.0,25.3,13.0,0.0,29.2,0.0,1.0,1.0,1.0,1.0,0.0,394.6666666666667,0.0,448.73333333333335,0.8435333333333332,0.0
2023-12-20 21:15:00,0.0,25.3,13.0,0.0,29.194666666666667,0.0,1.0,1.0,1.0,1.0,0.0,393.93333333333334,0.0,447.6,0.8411333333333333,0.0
2023-12-20 21:30:00,0.0,25.259999999999998,13.0,0.0,29.184666666666665,0.0,1.0,1.0,1.0,1.0,0.0,396.2,0.0,447.8,0.8419333333333333,0.0
2023-12-20 21:45:00,0.0,25.2,13.0,0.0,29.182666666666666,0.0,1.0,1.0,1.0,1.0,0.0,399.3333333333333,0.0,447.2,0.8409333333333333,0.0
2023-12-20 22:00:00,0.0,25.2,13.0,0.0,29.180666666666664,0.0,1.0,1.0,1.0,1.0,0.0,405.26666666666665,0.0,447.26666666666665,0.8408666666666667,0.0
2023-12-20 22:15:00,0.0,25.2,13.0,0.0,29.18,0.0,1.0,1.0,1.0,1.0,0.0,403.8,0.0,448.53333333333336,0.8431333333333334,0.0
2023-12-20 22:30:00,0.0,25.2,13.0,0.0,29.172666666666668,0.0,1.0,1.0,1.0,1.0,0.0,406.1333333333333,0.0,446.1333333333333,0.8386666666666667,0.0
2023-12-20 22:45:00,0.0,25.2,13.0,0.0,29.16866666666667,0.0,1.0,1.0,1.0,1.0,0.0,408.53333333333336,0.0,445.8,0.8382666666666666,0.0
2023-12-20 23:00:00,0.5333333333333333,25.2,13.0,0.0,29.16,0.0,1.0,1.0,1.0,1.0,0.0,406.93333333333334,0.0,447.26666666666665,0.8408666666666667,0.0
2023-12-20 23:15:00,4.0,25.2,13.0,0.0,29.153333333333332,0.0,1.0,1.0,1.0,1.0,0.0,410.4,0.0,443.6666666666667,0.834,0.0
2023-12-20 23:30:00,4.0,25.2,13.0,0.0,29.145333333333333,0.0,1.0,1.0,1.0,1.0,0.0,410.6666666666667,0.0,446.53333333333336,0.8396,0.0
2023-12-20 23:45:00,4.0,25.1,13.0,0.0,29.14,0.0,1.0,1.0,1.0,1.0,0.0,412.0,0.0,442.4,0.8314666666666667,0.0
2023-12-21 00:00:00,4.0,25.1,13.266666666666667,0.0,29.13266666666667,0.0,1.0,1.0,1.0,1.0,0.0,411.8666666666667,0.0,445.0,0.8366,0.0
2023-12-21 00:15:00,4.0,25.1,14.0,0.0,29.128,0.0,1.0,1.0,1.0,1.0,0.0,405.26666666666665,0.0,445.8666666666667,0.8383999999999999,0.0
2023-12-21 00:30:00,4.0,25.1,14.0,0.0,29.12,0.0,1.0,1.0,1.0,1.0,0.0,405.6666666666667,0.0,446.26666666666665,0.839,0.0
2023-12-21 00:45:00,4.0,25.1,14.0,0.0,29.12,0.0,1.0,1.0,1.0,1.0,0.0,404.6666666666667,0.0,447.1333333333333,0.8404666666666666,0.0
2023-12-21 01:00:00,4.0,25.1,14.0,0.0,29.112666666666666,0.0,1.0,1.0,1.0,1.0,0.0,410.4,0.0,448.26666666666665,0.8427333333333333,0.0
2023-12-21 01:15:00,4.0,25.1,14.0,0.0,29.11,0.0,1.0,1.0,1.0,1.0,0.0,406.93333333333334,0.0,449.1333333333333,0.8442666666666666,0.0
2023-12-21 01:30:00,4.0,25.1,14.0,0.0,29.101333333333336,0.0,1.0,1.0,1.0,1.0,0.0,405.46666666666664,0.0,450.93333333333334,0.8478666666666667,0.0
2023-12-21 01:45:00,4.0,25.053333333333335,14.0,0.0,29.1,0.0,1.0,1.0,1.0,1.0,0.0,405.53333333333336,0.0,453.1333333333333,0.8516666666666667,0.0
2023-12-21 02:00:00,4.0,25.073333333333334,14.2,0.0,29.100666666666665,0.0,1.0,1.0,1.0,1.0,0.0,404.73333333333335,0.0,416.26666666666665,0.7827333333333333,0.0
2023-12-21 02:15:00,4.0,25.026666666666664,15.0,0.0,29.1,0.0,0.8,0.8666666666666667,0.8666666666666667,0.8666666666666667,0.0,405.93333333333334,0.0,397.1333333333333,0.7464,0.0
2023-12-21 02:30:00,4.0,25.0,15.133333333333333,0.0,29.1,0.0,0.06666666666666667,0.26666666666666666,0.26666666666666666,0.26666666666666666,0.0,407.53333333333336,0.0,616.8666666666667,1.1596000000000002,0.0
2023-12-21 02:45:00,4.0,24.993333333333332,16.0,0.0,29.1,0.0,0.0,0.06666666666666667,0.06666666666666667,0.06666666666666667,0.0,401.46666666666664,0.0,353.46666666666664,0.6644,0.0
2023-12-21 03:00:00,4.0,24.939999999999998,16.0,0.0,29.1,0.0,0.0,0.0,0.0,0.0,0.0,400.3333333333333,0.0,160.53333333333333,0.3016666666666667,0.0
2023-12-21 03:15:00,4.0,24.919999999999998,16.0,0.0,29.1,0.0,0.0,0.0,0.0,0.0,0.0,401.6,0.0,85.8,0.16140000000000002,0.0
2023-12-21 03:30:00,4.0,24.9,16.0,0.0,29.102666666666668,0.0,0.0,0.0,0.0,0.0,0.0,402.46666666666664,0.0,19.6,0.037,0.0
2023-12-21 03:45:00,4.0,24.9,16.933333333333334,0.0,29.11,0.0,0.0,0.0,0.0,0.0,0.0,400.46666666666664,0.0,70.13333333333334,0.13166666666666668,0.0
2023-12-21 04:00:00,4.0,24.966666666666665,17.0,0.0,29.11,0.0,0.0,0.0,0.0,0.0,0.0,399.3333333333333,0.0,200.53333333333333,0.37706666666666666,0.0
2023-12-21 04:15:00,4.0,24.993333333333332,17.0,0.0,29.110666666666663,0.0,0.0,0.0,0.0,0.0,0.0,399.93333333333334,0.0,258.3333333333333,0.48546666666666666,0.0
2023-12-21 04:30:00,4.0,24.913333333333334,17.0,0.0,29.118,0.0,0.0,0.0,0.0,0.0,0.0,396.3333333333333,0.0,204.93333333333334,0.38520000000000004,0.0
2023-12-21 04:45:00,4.0,24.9,17.0,0.0,29.12,0.0,0.0,0.0,0.0,0.0,0.0,400.4,0.0,99.2,0.18666666666666665,0.0
2023-12-21 05:00:00,4.0,24.9,17.2,0.0,29.12,0.0,0.0,0.0,0.0,0.0,0.0,401.8666666666667,0.0,74.2,0.13953333333333334,0.0
2023-12-21 05:15:00,4.0,24.966666666666665,18.0,0.0,29.12,0.0,0.0,0.0,0.0,0.0,0.0,402.73333333333335,0.0,56.666666666666664,0.10686666666666667,0.0
2023-12-21 05:30:00,4.0,24.9,18.0,0.0,29.12,0.0,0.0,0.0,0.0,0.0,0.0,407.0,0.0,20.066666666666666,0.03753333333333333,0.0
2023-12-21 05:45:00,4.0,24.9,18.0,0.0,29.12,0.0,0.0,0.0,0.0,0.0,0.0,405.46666666666664,0.0,21.866666666666667,0.04106666666666667,0.0
2023-12-21 06:00:00,4.0,24.9,18.0,0.0,29.125999999999998,0.0,0.0,0.0,0.0,0.0,0.0,406.6666666666667,0.0,15.866666666666667,0.030133333333333335,0.0
2023-12-21 06:15:00,4.0,24.9,18.266666666666666,0.0,29.13,0.0,0.0,0.0,0.0,0.0,0.0,404.2,0.0,6.333333333333333,0.013666666666666667,0.0
2023-12-21 06:30:00,4.0,24.886666666666663,19.0,0.0,29.13,0.0,0.0,0.0,0.0,0.0,0.0,408.93333333333334,0.0,10.8,0.020399999999999998,0.0
2023-12-21 06:45:00,4.0,24.853333333333335,19.0,0.0,29.13,0.0,0.0,0.0,0.0,0.0,0.0,399.2,0.0,10.933333333333334,0.021,0.0
2023-12-21 07:00:00,4.0,24.9,19.533333333333335,0.0,29.13,0.0,0.0,0.0,0.0,0.0,0.0,397.93333333333334,0.0,3.066666666666667,0.007733333333333333,0.0
2023-12-21 07:15:00,4.0,24.88,20.0,0.0,29.13,0.0,0.06666666666666667,0.06666666666666667,0.06666666666666667,0.06666666666666667,0.0,399.93333333333334,0.0,8.466666666666667,0.017266666666666666,0.0
2023-12-21 07:30:00,4.0,24.813333333333333,20.0,0.0,29.139333333333337,0.0,0.0,0.0,0.0,0.0,0.0,399.3333333333333,0.0,1.0,0.003,0.0
2023-12-21 07:45:00,4.0,24.8,20.0,0.0,29.140666666666668,0.0,0.0,0.0,0.0,0.0,0.0,404.46666666666664,0.0,1.0666666666666667,0.0024666666666666665,0.0
2023-12-21 08:00:00,4.0,24.8,20.0,0.0,29.14,0.0,0.0,0.0,0.0,0.0,0.0,406.2,0.0,4.733333333333333,0.010199999999999999,0.0
2023-12-21 08:15:00,4.0,24.8,20.0,0.0,29.15,0.0,0.0,0.0,0.0,0.0,0.0,401.4,0.0,17.0,0.033,0.0
2023-12-21 08:30:00,4.0,24.8,20.0,0.0,29.15,0.0,0.0,0.0,0.0,0.0,0.0,399.46666666666664,0.0,21.733333333333334,0.040933333333333335,0.0
2023-12-21 08:45:00,4.0,24.8,20.466666666666665,0.0,29.15,0.0,0.0,0.0,0.0,0.0,0.0,400.73333333333335,0.0,13.266666666666667,0.0254,0.0
2023-12-21 09:00:00,4.0,24.8,21.0,0.0,29.158,0.0,0.0,0.0,0.0,0.0,0.0,396.6666666666667,0.0,6.533333333333333,0.013733333333333332,0.0
2023-12-21 09:15:00,4.0,24.726666666666667,21.0,0.0,29.16,0.0,0.0,0.0,0.0,0.0,0.0,398.6,0.0,9.466666666666667,0.018333333333333333,0.0
2023-12-21 09:30:00,4.0,24.7,21.0,0.0,29.169333333333334,0.0,0.0,0.0,0.0,0.0,0.0,401.53333333333336,0.0,5.533333333333333,0.011066666666666667,0.0
2023-12-21 09:45:00,4.0,24.7,21.0,0.0,29.176666666666666,0.0,0.0,0.0,0.0,0.0,0.0,398.4,0.0,2.8,0.0067333333333333325,0.0
2023-12-21 10:00:00,4.0,24.7,21.0,0.0,29.18,0.0,0.0,0.0,0.0,0.0,0.0,408.3333333333333,0.0,9.333333333333334,0.018600000000000002,0.0
2023-12-21 10:15:00,4.0,24.7,21.0,0.0,29.189333333333334,0.0,0.0,0.0,0.0,0.0,0.0,402.26666666666665,0.0,6.933333333333334,0.0144,0.0
2023-12-21 10:30:00,4.0,24.7,21.0,0.0,29.2,0.0,0.0,0.0,0.0,0.0,0.0,398.3333333333333,0.0,2.3333333333333335,0.005933333333333333,0.0
2023-12-21 10:45:00,4.0,24.7,21.0,0.0,29.206666666666667,0.0,0.0,0.0,0.0,0.0,0.0,398.2,0.0,9.933333333333334,0.020733333333333333,0.0
2023-12-21 11:00:00,4.0,24.7,21.0,0.0,29.21,0.0,0.0,0.0,0.0,0.0,0.0,398.46666666666664,0.0,45.333333333333336,0.0854,0.0
2023-12-21 11:15:00,4.0,24.7,21.0,0.0,29.21,0.0,0.0,0.0,0.0,0.0,0.0,399.46666666666664,0.0,23.333333333333332,0.0438,0.0
2023-12-21 11:30:00,4.0,24.7,21.0,0.0,29.21466666666667,0.0,0.0,0.0,0.0,0.0,0.0,396.6,0.0,15.266666666666667,0.028733333333333333,0.0
2023-12-21 11:45:00,4.0,24.7,21.0,0.0,29.219999999999995,0.0,0.0,0.0,0.0,0.0,0.0,401.26666666666665,0.0,8.2,0.016533333333333334,0.0
2023-12-21 12:00:00,4.0,24.7,21.0,0.0,29.228,0.0,0.0,0.0,0.0,0.0,0.0,403.0,0.0,6.533333333333333,0.013600000000000001,0.0
2023-12-21 12:15:00,4.0,24.7,21.0,0.0,29.232666666666667,0.0,0.0,0.0,0.0,0.0,0.0,397.6666666666667,0.0,10.4,0.019933333333333334,0.0
2023-12-21 12:30:00,4.0,24.7,21.0,0.0,29.24,0.0,0.0,0.06666666666666667,0.06666666666666667,0.06666666666666667,0.0,404.53333333333336,0.0,0.7333333333333333,0.0032,0.0
2023-12-21 12:45:00,4.0,24.7,21.0,0.0,29.246666666666666,0.0,0.0,0.13333333333333333,0.13333333333333333,0.13333333333333333,0.0,403.6,0.0,10.333333333333334,0.019733333333333332,0.0
2023-12-21 13:00:00,4.0,24.7,21.0,0.0,29.249333333333333,0.0,0.06666666666666667,0.06666666666666667,0.06666666666666667,0.06666666666666667,0.0,406.46666666666664,0.0,108.53333333333333,0.20413333333333336,0.0
2023-12-21 13:15:00,4.0,24.7,20.066666666666666,0.0,29.24,0.0,0.0,0.0,0.0,0.0,0.0,411.8,0.0,428.26666666666665,0.8050666666666667,0.0
2023-12-21 13:30:00,4.0,24.740000000000002,20.0,0.0,29.24866666666667,0.0,0.0,0.0,0.0,0.0,0.0,413.2,0.0,460.6666666666667,0.866,0.0
2023-12-21 13:45:00,4.0,24.8,19.4,0.0,29.25,0.0,0.0,0.0,0.0,0.0,0.0,415.73333333333335,0.0,477.1333333333333,0.8966666666666667,0.0
2023-12-21 14:00:00,4.0,24.8,19.0,0.0,29.25,0.0,0.0,0.0,0.0,0.0,0.0,415.06666666666666,0.0,486.06666666666666,0.9136666666666666,0.0
2023-12-21 14:15:00,4.0,24.8,19.0,0.0,29.25,0.0,0.0,0.0,0.0,0.0,0.0,416.4,0.0,491.0,0.9229333333333334,0.0
2023-12-21 14:30:00,4.0,24.8,19.0,0.0,29.25,0.0,0.0,0.0,0.0,0.0,0.0,415.8666666666667,0.0,495.06666666666666,0.9305333333333333,0.0
2023-12-21 14:45:00,4.0,24.8,19.0,0.0,29.25,0.0,0.0,0.0,0.0,0.0,0.0,413.4,0.0,498.2,0.9365333333333333,0.0
2023-12-21 15:00:00,4.0,24.80666666666667,19.0,0.0,29.257333333333335,0.0,0.0,0.0,0.0,0.0,0.0,418.0,0.0,500.8,0.9415999999999999,0.0
2023-12-21 15:15:00,4.0,24.9,19.0,0.0,29.256000000000004,0.0,0.0,0.0,0.0,0.0,0.0,416.8,0.0,504.6,0.9486,0.0
2023-12-21 15:30:00,4.0,24.9,19.0,0.0,29.265333333333334,0.0,0.0,0.0,0.0,0.0,0.0,411.73333333333335,0.0,505.6,0.9504,0.0
2023-12-21 15:45:00,4.0,24.9,19.0,0.0,29.27,0.0,0.0,0.0,0.0,0.0,0.0,411.4,0.0,508.1333333333333,0.9553999999999999,0.0
2023-12-21 16:00:00,4.0,24.9,19.0,0.0,29.27,0.0,0.0,0.0,0.0,0.0,0.0,408.6,0.0,508.53333333333336,0.9561333333333333,0.0
2023-12-21 16:15:00,4.0,24.9,19.0,0.0,29.27,0.0,0.0,0.0,0.0,0.0,0.0,406.46666666666664,0.0,511.2,0.9610666666666667,0.0
2023-12-21 16:30:00,4.0,24.84,19.0,0.0,29.27,0.0,0.0,0.0,0.0,0.0,0.0,409.6666666666667,0.0,512.2,0.9629333333333333,0.0
2023-12-21 16:45:00,4.0,24.9,19.0,0.0,29.279333333333334,0.0,0.0,0.0,0.0,0.0,0.0,406.6,0.0,512.5333333333333,0.9635333333333332,0.0
2023-12-21 17:00:00,4.0,24.9,19.0,0.0,29.280000000000005,0.0,0.0,0.0,0.0,0.0,0.0,411.46666666666664,0.0,512.0666666666667,0.9627333333333332,0.0
2023-12-21 17:15:00,4.0,24.9,19.0,0.0,29.287333333333333,0.0,0.0,0.0,0.0,0.0,0.0,415.46666666666664,0.0,514.4666666666667,0.9672666666666667,0.0
2023-12-21 17:30:00,4.0,24.9,19.0,0.0,29.29,0.0,0.0,0.0,0.0,0.0,0.0,416.3333333333333,0.0,514.2666666666667,0.9667333333333333,0.0
2023-12-21 17:45:00,4.0,24.9,19.0,0.0,29.29,0.0,0.0,0.0,0.0,0.0,0.0,416.8666666666667,0.0,514.8666666666667,0.9678666666666665,0.0
2023-12-21 18:00:00,4.0,24.9,19.0,0.0,29.29,0.0,0.0,0.0,0.0,0.0,0.0,415.06666666666666,0.0,515.2666666666667,0.9686,0.0
2023-12-21 18:15:00,4.0,24.9,19.0,0.0,29.288666666666664,0.0,0.0,0.0,0.0,0.0,0.0,415.26666666666665,0.0,516.0,0.9702,0.0
2023-12-21 18:30:00,4.0,24.9,19.0,0.0,29.28933333333333,0.0,0.0,0.0,0.0,0.0,0.0,411.4,0.0,518.2,0.9744666666666666,0.0
2023-12-21 18:45:00,4.0,24.9,19.0,0.0,29.291333333333334,0.0,0.0,0.0,0.0,0.0,0.0,412.6666666666667,0.0,517.8,0.9736666666666667,0.0
2023-12-21 19:00:00,4.0,24.9,19.0,0.0,29.3,0.0,0.0,0.0,0.0,0.0,0.0,411.26666666666665,0.0,518.6,0.9750666666666666,0.0
2023-12-21 19:15:00,4.0,24.9,19.0,0.0,29.3,0.0,0.0,0.0,0.0,0.0,0.0,411.2,0.0,519.2666666666667,0.9761333333333333,0.0
2023-12-21 19:30:00,4.0,24.9,19.0,0.0,29.3,0.0,0.0,0.0,0.0,0.0,0.0,413.0,0.0,519.1333333333333,0.9760666666666666,0.0
2023-12-21 19:45:00,4.0,24.9,19.0,0.0,29.3,0.0,0.0,0.0,0.0,0.0,0.0,411.73333333333335,0.0,520.4666666666667,0.9783333333333333,0.0
2023-12-21 20:00:00,4.0,24.9,19.0,0.0,29.3,0.0,0.0,0.0,0.0,0.0,0.0,406.73333333333335,0.0,518.4666666666667,0.9744666666666666,0.0
2023-12-21 20:15:00,4.0,24.9,19.0,0.0,29.308,0.0,0.0,0.0,0.0,0.0,0.0,406.73333333333335,0.0,520.4666666666667,0.9782666666666666,0.0
2023-12-21 20:30:00,4.0,24.9,19.0,0.0,29.31,0.0,0.0,0.0,0.0,0.0,0.0,405.6666666666667,0.0,520.1333333333333,0.9779333333333333,0.0
2023-12-21 20:45:00,4.0,24.9,19.0,0.0,29.31,0.0,0.0,0.0,0.0,0.0,0.0,405.6666666666667,0.0,520.8666666666667,0.9791333333333333,0.0
2023-12-21 21:00:00,4.0,24.9,19.0,0.0,29.314666666666664,0.0,0.0,0.0,0.0,0.0,0.0,410.2,0.0,520.4,0.9783333333333333,0.0
2023-12-21 21:15:00,4.0,24.9,19.0,0.0,29.318666666666665,0.0,0.0,0.0,0.0,0.0,0.0,412.26666666666665,0.0,520.4,0.9783333333333333,0.0
2023-12-21 21:30:00,4.0,24.9,19.0,0.0,29.32,0.0,0.0,0.0,0.0,0.0,0.0,408.46666666666664,0.0,519.2666666666667,0.9762,0.0
2023-12-21 21:45:00,4.0,24.9,19.0,0.0,29.32,0.0,0.0,0.0,0.0,0.0,0.0,410.4,0.0,520.5333333333333,0.9785333333333333,0.0
2023-12-21 22:00:00,4.0,24.9,19.0,0.0,29.32,0.0,0.0,0.0,0.0,0.0,0.0,413.2,0.0,519.8666666666667,0.9773333333333334,0.0
2023-12-21 22:15:00,4.0,24.9,19.0,0.0,29.32,0.0,0.0,0.0,0.0,0.0,0.0,410.53333333333336,0.0,519.6,0.9765999999999999,0.0
2023-12-21 22:30:00,4.0,24.9,19.0,0.0,29.322,0.0,0.0,0.0,0.0,0.0,0.0,408.8666666666667,0.0,522.8,0.9825999999999999,0.0
2023-12-21 22:45:00,4.0,24.9,19.0,0.0,29.326,0.0,0.0,0.0,0.0,0.0,0.0,405.53333333333336,0.0,522.2,0.9819333333333333,0.0
2023-12-21 23:00:00,4.0,24.9,19.0,0.0,29.328666666666663,0.0,0.0,0.0,0.0,0.0,0.0,404.73333333333335,0.0,522.8666666666667,0.9829333333333333,0.0
2023-12-21 23:15:00,4.0,24.9,19.0,0.0,29.323333333333334,0.0,0.0,0.0,0.0,0.0,0.0,401.26666666666665,0.0,520.5333333333333,0.9784666666666666,0.0
2023-12-21 23:30:00,4.0,24.9,19.0,0.0,29.324666666666666,0.0,0.0,0.0,0.0,0.0,0.0,405.8666666666667,0.0,520.9333333333333,0.9793333333333333,0.0
2023-12-21 23:45:00,4.0,24.9,19.0,0.0,29.32,0.0,0.0,0.0,0.0,0.0,0.0,404.93333333333334,0.0,522.3333333333334,0.982,0.0
2023-12-22 00:00:00,4.0,24.9,18.533333333333335,0.0,29.32,0.0,0.0,0.0,0.0,0.0,0.0,403.0,0.0,521.8,0.9808666666666667,0.0
2023-12-22 00:15:00,4.0,24.9,18.0,0.0,29.32,0.0,0.0,0.0,0.0,0.0,0.0,396.4,0.0,521.4666666666667,0.9803333333333334,0.0
2023-12-22 00:30:00,4.0,24.9,18.0,0.0,29.32,0.0,0.0,0.0,0.0,0.0,0.0,399.53333333333336,0.0,522.2666666666667,0.9819333333333333,0.0
2023-12-22 00:45:00,4.0,24.9,18.0,0.0,29.322666666666667,0.0,0.0,0.0,0.0,0.0,0.0,402.46666666666664,0.0,522.6666666666666,0.9826666666666667,0.0
2023-12-22 01:00:00,4.0,24.9,18.0,0.0,29.33,0.0,0.0,0.0,0.0,0.0,0.0,402.53333333333336,0.0,521.2666666666667,0.9801333333333333,0.0
2023-12-22 01:15:00,4.0,24.9,18.0,0.0,29.33,0.0,0.0,0.0,0.0,0.0,0.0,406.0,0.0,523.9333333333333,0.9849333333333333,0.0
2023-12-22 01:30:00,4.0,24.9,18.0,0.0,29.33,0.0,0.0,0.0,0.0,0.0,0.0,405.06666666666666,0.0,522.7333333333333,0.983,0.0
2023-12-22 01:45:00,4.0,24.9,18.0,0.0,29.32133333333333,0.0,0.0,0.0,0.0,0.0,0.0,408.2,0.0,523.4,0.9838666666666666,0.0
2023-12-22 02:00:00,4.0,24.9,18.0,0.0,29.329333333333334,0.0,0.0,0.0,0.0,0.0,0.0,404.06666666666666,0.0,507.3333333333333,0.9536666666666667,0.0
2023-12-22 02:15:00,4.0,24.779999999999998,18.0,0.0,29.33,0.0,0.0,0.0,0.0,0.0,0.0,406.73333333333335,0.0,355.93333333333334,0.6690666666666666,0.0
2023-12-22 02:30:00,4.0,24.7,17.4,0.0,29.33,0.0,0.0,0.0,0.0,0.0,0.0,410.8,0.0,209.93333333333334,0.3948,0.0
2023-12-22 02:45:00,4.0,24.673333333333336,17.0,0.0,29.33,0.0,0.0,0.0,0.0,0.0,0.0,412.46666666666664,0.0,113.53333333333333,0.21333333333333335,0.0
2023-12-22 03:00:00,4.0,24.633333333333333,17.0,0.0,29.33,0.0,0.0,0.0,0.0,0.0,0.0,409.93333333333334,0.0,93.46666666666667,0.17573333333333335,0.0
2023-12-22 03:15:00,4.0,24.6,17.0,0.0,29.33,0.0,0.0,0.0,0.0,0.0,0.0,408.06666666666666,0.0,72.86666666666666,0.1372,0.0
2023-12-22 03:30:00,4.0,24.6,17.0,0.0,29.33,0.0,0.0,0.0,0.0,0.0,0.0,405.8666666666667,0.0,70.06666666666666,0.13166666666666668,0.0
2023-12-22 03:45:00,4.0,24.69333333333333,17.0,0.0,29.333333333333332,0.0,0.0,0.0,0.0,0.0,0.0,404.6666666666667,0.0,90.0,0.1692,0.0
2023-12-22 04:00:00,4.0,24.7,17.0,0.0,29.34,0.0,0.0,0.0,0.0,0.0,0.0,405.6,0.0,81.46666666666667,0.1534,0.0
2023-12-22 04:15:00,4.0,24.7,17.0,0.0,29.34,0.0,0.0,0.0,0.0,0.0,0.0,407.2,0.0,71.0,0.13366666666666666,0.0
2023-12-22 04:30:00,4.0,24.726666666666667,17.0,0.0,29.34,0.0,0.0,0.0,0.0,0.0,0.0,408.06666666666666,0.0,80.2,0.15073333333333333,0.0
2023-12-22 04:45:00,4.0,24.766666666666666,17.0,0.0,29.336,0.0,0.9333333333333333,0.9333333333333333,0.9333333333333333,0.9333333333333333,0.0,411.3333333333333,0.0,85.4,0.16066666666666668,0.0
2023-12-22 05:00:00,4.0,24.746666666666666,16.8,0.0,29.33,0.0,1.0,1.0,1.0,1.0,0.0,411.93333333333334,0.0,94.93333333333334,0.17866666666666667,0.0
2023-12-22 05:15:00,4.0,24.8,16.666666666666668,0.0,29.33,0.0,0.8666666666666667,0.9333333333333333,0.9333333333333333,0.9333333333333333,0.0,412.8,0.0,107.53333333333333,0.20253333333333332,0.0
2023-12-22 05:30:00,4.0,24.8,17.0,0.0,29.33,0.0,1.3333333333333333,1.4,1.4,1.4,0.0,407.2,0.0,129.26666666666668,0.24293333333333333,0.0
2023-12-22 05:45:00,4.0,24.8,17.0,0.0,29.331999999999997,0.0,2.2,2.4,2.4,2.4,0.0,413.0,0.0,184.53333333333333,0.3470666666666667,0.0
2023-12-22 06:00:00,4.0,24.8,16.733333333333334,0.0,29.33,0.0,3.0,3.066666666666667,3.066666666666667,3.066666666666667,0.0,407.1333333333333,0.0,179.0,0.33646666666666664,0.0
2023-12-22 06:15:00,4.0,24.8,16.0,0.0,29.33,0.0,3.2,3.3333333333333335,3.3333333333333335,3.3333333333333335,0.0,408.0,0.0,162.93333333333334,0.3064666666666666,0.0
2023-12-22 06:30:00,4.0,24.8,16.0,0.0,29.326,0.0,3.7333333333333334,4.0,4.0,4.066666666666666,0.0,414.6,0.0,412.0,0.7748,0.0
2023-12-22 06:45:00,4.0,24.8,16.0,0.0,29.32,0.0,4.0,4.266666666666667,4.466666666666667,4.533333333333333,0.0,410.8,0.0,481.6666666666667,0.9055333333333333,0.0
2023-12-22 07:00:00,4.0,24.8,16.0,0.0,29.32,0.0,4.2,4.6,4.733333333333333,4.8,0.0,409.4,0.0,473.1333333333333,0.8896,0.0
2023-12-22 07:15:00,4.0,24.8,16.0,0.0,29.32,0.0,4.0,4.625,4.875,5.0,0.0,411.5,0.0,492.25,0.925625,0.0
2023-12-22 07:30:00,0.8,24.75,16.0,0.0,29.302,0.0,6.1,6.5,6.5,6.5,0.0,410.3,0.0,2.8,0.005200000000000001,0.0
2023-12-22 07:45:00,0.8,24.766666666666666,16.0,0.0,29.3,0.0,5.733333333333333,6.2,6.266666666666667,6.266666666666667,0.0,416.6,0.0,30.066666666666666,0.05673333333333333,0.0
2023-12-22 08:00:00,0.0,24.886666666666663,16.0,0.0,29.29733333333333,0.0,5.333333333333333,5.6,5.6,5.6,0.0,415.73333333333335,0.0,45.333333333333336,0.08526666666666666,0.0
2023-12-22 08:15:00,0.0,24.98,15.533333333333333,0.0,29.295333333333335,0.0,6.2,6.4,6.4,6.4,0.0,417.93333333333334,0.0,45.46666666666667,0.08533333333333333,0.0
2023-12-22 08:30:00,0.0,25.0,15.0,0.0,29.29,0.0,6.933333333333334,7.2,7.2,7.266666666666667,0.0,417.4,0.0,36.53333333333333,0.0688,0.0
2023-12-22 08:45:00,0.0,25.086666666666666,15.066666666666666,0.0,29.28933333333333,0.0,8.533333333333333,9.0,9.133333333333333,9.2,0.0,415.46666666666664,0.0,40.2,0.07566666666666667,0.0
2023-12-22 09:00:00,0.0,25.1,15.0,0.0,29.28533333333333,0.0,7.066666666666666,7.4,7.533333333333333,7.6,0.0,419.0,0.0,49.333333333333336,0.09273333333333333,0.0
2023-12-22 09:15:00,0.0,25.1,15.266666666666667,0.0,29.280000000000005,0.0,4.933333333333334,5.133333333333334,5.133333333333334,5.133333333333334,0.0,416.8,0.0,22.733333333333334,0.0426,0.0
2023-12-22 09:30:00,0.0,25.026666666666664,15.2,0.0,29.281333333333336,0.0,4.266666666666667,4.666666666666667,4.666666666666667,4.666666666666667,0.0,405.46666666666664,0.0,0.2,0.0008,0.0
2023-12-22 09:45:00,0.0,25.0,15.0,0.0,29.280000000000005,0.0,4.333333333333333,4.4,4.4,4.4,0.0,398.0,0.0,0.6666666666666666,0.003266666666666667,0.0
2023-12-22 10:00:00,0.0,25.0,15.0,0.0,29.28066666666667,0.0,3.2666666666666666,3.533333333333333,3.533333333333333,3.533333333333333,0.0,403.6666666666667,0.0,0.0,0.0,0.0
2023-12-22 10:15:00,0.0,24.926666666666666,15.0,0.0,29.28066666666667,0.0,2.6,2.8,2.8,2.8,0.0,399.1333333333333,0.0,1.6666666666666667,0.0042,0.0
2023-12-22 10:30:00,0.0,24.9,15.0,0.0,29.280000000000005,0.0,2.2666666666666666,2.4,2.4,2.4,0.0,399.1333333333333,0.0,9.266666666666667,0.0176,0.0
2023-12-22 10:45:00,0.0,24.9,15.0,0.0,29.280000000000005,0.0,2.3333333333333335,2.8,2.8,2.8,0.0,395.73333333333335,0.0,0.0,0.0,0.0
2023-12-22 11:00:00,0.0,24.9,15.0,0.0,29.272666666666666,0.0,2.0,2.066666666666667,2.066666666666667,2.066666666666667,0.0,395.73333333333335,0.0,0.0,0.0,0.0
2023-12-22 11:15:00,0.0,24.833333333333332,15.0,0.0,29.27,0.0,1.8,2.0,2.0,2.0,0.0,397.93333333333334,0.0,0.0,0.0,0.0
2023-12-22 11:30:00,0.0,24.8,15.0,0.0,29.266666666666666,0.0,1.2666666666666666,1.5333333333333334,1.5333333333333334,1.5333333333333334,0.0,402.06666666666666,0.0,4.6,0.009066666666666667,0.0
2023-12-22 11:45:00,0.0,24.8,15.0,0.0,29.259333333333338,0.0,1.0,1.1333333333333333,1.1333333333333333,1.1333333333333333,0.0,397.53333333333336,0.0,3.066666666666667,0.007533333333333334,0.0
2023-12-22 12:00:00,0.0,24.8,15.0,0.0,29.256666666666668,0.0,1.0,1.0,1.0,1.0,0.0,388.6,0.0,0.0,0.0,0.0
2023-12-22 12:15:00,0.0,24.8,15.0,0.0,29.25,0.0,1.0,1.0,1.0,1.0,0.0,390.8666666666667,0.0,0.5333333333333333,0.0016666666666666668,0.0
2023-12-22 12:30:00,0.0,24.8,15.0,0.0,29.241333333333333,0.0,1.0,1.0,1.0,1.0,0.0,386.06666666666666,0.0,0.0,0.0,0.0
2023-12-22 12:45:00,0.0,24.8,15.0,0.0,29.24,0.0,1.0,1.0,1.0,1.0,0.0,390.4,0.0,12.2,0.023733333333333332,0.0
2023-12-22 13:00:00,0.0,24.8,15.0,0.0,29.232000000000003,0.0,1.0,1.0,1.0,1.0,0.0,392.6666666666667,0.0,23.466666666666665,0.04406666666666667,0.0
2023-12-22 13:15:00,0.0,24.740000000000002,15.0,0.0,29.222666666666665,0.0,1.0,1.0,1.0,1.0,0.0,395.6666666666667,0.0,205.0,0.38526666666666665,0.0
2023-12-22 13:30:00,0.0,24.7,16.0,0.0,29.218,0.0,0.8,0.8,0.8,0.8,0.0,400.53333333333336,0.0,340.1333333333333,0.6396,0.0
2023-12-22 13:45:00,0.0,24.773333333333333,16.0,0.0,29.21066666666667,0.0,1.0,1.0,1.0,1.0,0.0,397.26666666666665,0.0,373.2,0.7018,0.0
2023-12-22 14:00:00,0.0,24.746666666666666,16.0,0.0,29.208000000000002,0.0,0.8666666666666667,1.0,1.0,1.0,0.0,397.53333333333336,0.0,384.3333333333333,0.7224666666666667,0.0
2023-12-22 14:15:00,0.0,24.8,16.0,0.0,29.199333333333335,0.0,1.0,1.0,1.0,1.0,0.0,401.8,0.0,385.2,0.7242,0.0
2023-12-22 14:30:00,0.0,24.8,16.0,0.0,29.19066666666667,0.0,1.0,1.0,1.0,1.0,0.0,401.3333333333333,0.0,394.6666666666667,0.7418666666666667,0.0
2023-12-22 14:45:00,0.0,24.8,16.0,0.0,29.189333333333334,0.0,1.0,1.0,1.0,1.0,0.0,400.8,0.0,403.93333333333334,0.7594,0.0
2023-12-22 15:00:00,0.0,24.8,16.0,0.0,29.18,0.0,1.0,1.0,1.0,1.0,0.0,397.6,0.0,407.46666666666664,0.7659333333333334,0.0
2023-12-22 15:15:00,0.0,24.8,16.0,0.0,29.176,0.0,1.0,1.0,1.0,1.0,0.0,395.6666666666667,0.0,405.93333333333334,0.7630666666666667,0.0
2023-12-22 15:30:00,0.0,24.8,16.0,0.0,29.17,0.0,1.0,1.0,1.0,1.0,0.0,399.6666666666667,0.0,405.26666666666665,0.7615999999999999,0.0
2023-12-22 15:45:00,0.0,24.8,16.0,0.0,29.17,0.0,1.0,1.0,1.0,1.0,0.0,405.2,0.0,406.4,0.764,0.0
2023-12-22 16:00:00,0.0,24.8,16.0,0.0,29.167333333333332,0.0,1.0,1.1333333333333333,1.1333333333333333,1.1333333333333333,0.0,402.1333333333333,0.0,407.2,0.7656666666666666,0.0
2023-12-22 16:15:00,0.0,24.8,16.0,0.0,29.16,0.0,1.0666666666666667,1.2,1.3333333333333333,1.3333333333333333,0.0,408.1333333333333,0.0,409.53333333333336,0.7697333333333333,0.0
2023-12-22 16:30:00,0.0,24.8,16.0,0.0,29.15,0.0,1.6666666666666667,1.8666666666666667,1.8666666666666667,1.8666666666666667,0.0,409.46666666666664,0.0,411.8666666666667,0.7742,0.0
2023-12-22 16:45:00,0.0,24.793333333333337,16.0,0.0,29.15,0.0,1.9333333333333333,2.0,2.0,2.0,0.0,405.26666666666665,0.0,418.53333333333336,0.7869333333333334,0.0
2023-12-22 17:00:00,0.0,24.7,16.0,0.0,29.142,0.0,2.0,2.0,2.0,2.0,0.0,403.8,0.0,418.46666666666664,0.7866000000000001,0.0
2023-12-22 17:15:00,0.0,24.7,16.0,0.0,29.136666666666667,0.0,2.0,2.0,2.0,2.0,0.0,404.26666666666665,0.0,414.06666666666666,0.7783333333333334,0.0
2023-12-22 17:30:00,0.0,24.7,16.0,0.0,29.13,0.0,1.9333333333333333,2.0,2.0,2.0,0.0,409.46666666666664,0.0,408.06666666666666,0.7669333333333334,0.0
2023-12-22 17:45:00,0.0,24.793333333333337,16.0,0.0,29.128666666666668,0.0,2.0,2.0,2.0,2.0,0.0,401.06666666666666,0.0,407.0,0.7651333333333333,0.0
2023-12-22 18:00:00,0.0,24.8,16.0,0.0,29.121333333333332,0.0,1.9333333333333333,2.0,2.0,2.0,0.0,399.73333333333335,0.0,407.6,0.7660666666666667,0.0
2023-12-22 18:15:00,0.0,24.78666666666667,16.0,0.0,29.12,0.0,2.0,2.0,2.0,2.0,0.0,399.46666666666664,0.0,406.2,0.7636666666666667,0.0
2023-12-22 18:30:00,0.0,24.746666666666666,16.0,0.0,29.12,0.0,1.6666666666666667,1.8666666666666667,1.9333333333333333,1.9333333333333333,0.0,401.46666666666664,0.0,402.8,0.7571333333333333,0.0
2023-12-22 18:45:00,0.0,24.746666666666666,16.0,0.0,29.111333333333334,0.0,1.7333333333333334,1.9333333333333333,1.9333333333333333,1.9333333333333333,0.0,395.8666666666667,0.0,401.6,0.7550666666666667,0.0
2023-12-22 19:00:00,0.0,24.7,16.0,0.0,29.11,0.0,2.0,2.0,2.0,2.0,0.0,400.93333333333334,0.0,393.0,0.7388,0.0
2023-12-22 19:15:00,0.0,24.7,16.0,0.0,29.11,0.0,2.0,2.0,2.0,2.0,0.0,405.3333333333333,0.0,383.6,0.7210666666666666,0.0
2023-12-22 19:30:00,0.0,24.7,16.0,0.0,29.101333333333336,0.0,1.8666666666666667,2.0,2.0,2.0,0.0,397.2,0.0,379.3333333333333,0.7133999999999999,0.0
2023-12-22 19:45:00,0.0,24.7,16.0,0.0,29.1,0.0,1.4666666666666666,1.8,1.8666666666666667,1.8666666666666667,0.0,399.0,0.0,379.3333333333333,0.7130666666666666,0.0
2023-12-22 20:00:00,0.0,24.706666666666663,16.0,0.0,29.090666666666667,0.0,1.3333333333333333,1.7333333333333334,1.7333333333333334,1.7333333333333334,0.0,399.4,0.0,378.1333333333333,0.7108666666666666,0.0
2023-12-22 20:15:00,0.0,24.793333333333337,16.0,0.0,29.088,0.0,1.0666666666666667,1.3333333333333333,1.3333333333333333,1.3333333333333333,0.0,396.8,0.0,381.46666666666664,0.7170666666666666,0.0
2023-12-22 20:30:00,0.0,24.740000000000002,16.0,0.0,29.080666666666666,0.0,1.3333333333333333,1.5333333333333334,1.5333333333333334,1.5333333333333334,0.0,395.53333333333336,0.0,385.2,0.7243333333333334,0.0
2023-12-22 20:45:00,0.0,24.720000000000002,16.0,0.0,29.077999999999996,0.0,1.4666666666666666,1.8,1.8,1.8,0.0,395.26666666666665,0.0,379.6666666666667,0.7137999999999999,0.0
2023-12-22 21:00:00,0.0,24.7,16.0,0.0,29.07,0.0,1.1333333333333333,1.6,1.6,1.6666666666666667,0.0,390.8,0.0,375.8,0.7065333333333332,0.0
2023-12-22 21:15:00,0.0,24.7,16.0,0.0,29.06,0.0,1.0666666666666667,1.6,1.6,1.6,0.0,386.6666666666667,0.0,373.6,0.7024,0.0
2023-12-22 21:30:00,0.0,24.7,16.0,0.0,29.06,0.0,1.3333333333333333,1.6,1.6,1.6,0.0,385.46666666666664,0.0,369.93333333333334,0.6953333333333334,0.0
2023-12-22 21:45:00,0.0,24.7,16.0,0.0,29.054,0.0,1.0,1.1333333333333333,1.1333333333333333,1.1333333333333333,0.0,388.8,0.0,367.46666666666664,0.6910000000000001,0.0
2023-12-22 22:00:00,0.0,24.7,16.0,0.0,29.05,0.0,1.0,1.1333333333333333,1.1333333333333333,1.1333333333333333,0.0,385.8,0.0,363.46666666666664,0.6834,0.0
2023-12-22 22:15:00,0.0,24.71333333333333,16.0,0.0,29.05,0.0,1.0,1.0,1.0,1.0,0.0,384.73333333333335,0.0,361.2,0.679,0.0
2023-12-22 22:30:00,0.0,24.706666666666663,16.333333333333332,0.0,29.05,0.0,1.0,1.0,1.0,1.0666666666666667,0.0,387.1333333333333,0.0,346.1333333333333,0.6507333333333334,0.0
2023-12-22 22:45:00,0.0,24.7,16.866666666666667,0.0,29.040666666666667,0.0,1.0,1.0666666666666667,1.0666666666666667,1.0666666666666667,0.0,382.8666666666667,0.0,344.06666666666666,0.6469333333333334,0.0
2023-12-22 23:00:00,0.0,24.7,17.0,0.0,29.03533333333333,0.0,1.0,1.0666666666666667,1.0666666666666667,1.0666666666666667,0.0,382.1333333333333,0.0,329.1333333333333,0.6189333333333333,0.0
2023-12-22 23:15:00,0.0,24.7,17.0,0.0,29.030000000000005,0.0,1.0,1.0,1.0,1.0,0.0,382.73333333333335,0.0,315.1333333333333,0.5924666666666667,0.0
2023-12-22 23:30:00,0.0,24.7,17.0,0.0,29.021333333333335,0.0,1.0,1.0,1.0,1.0,0.0,389.1333333333333,0.0,296.4,0.5574666666666667,0.0
2023-12-22 23:45:00,0.0,24.7,17.0,0.0,29.014666666666667,0.0,1.0,1.0,1.0,1.0,0.0,391.93333333333334,0.0,289.06666666666666,0.5436,0.0
2023-12-23 00:00:00,0.0,24.7,17.0,0.0,29.003333333333334,0.0,1.0,1.0,1.0,1.0,0.0,389.8666666666667,0.0,286.26666666666665,0.5381333333333334,0.0
2023-12-23 00:15:00,0.0,24.7,17.0,0.0,28.994666666666664,0.0,1.0,1.0,1.0,1.0,0.0,387.6666666666667,0.0,273.6,0.5144,0.0
2023-12-23 00:30:00,0.0,24.7,17.0,0.0,28.99,0.0,1.0,1.0,1.0,1.0,0.0,390.6,0.0,269.06666666666666,0.5059333333333333,0.0
2023-12-23 00:45:00,0.0,24.7,17.0,0.0,28.981333333333335,0.0,1.0,1.0,1.0,1.0,0.0,391.2,0.0,264.2,0.4968666666666667,0.0
2023-12-23 01:00:00,0.0,24.7,17.0,0.0,28.98,0.0,1.0,1.0,1.0,1.0,0.0,396.4,0.0,247.93333333333334,0.4659333333333333,0.0
2023-12-23 01:15:00,0.0,24.7,16.8,0.0,28.98,0.0,1.0,1.0,1.0,1.0,0.0,395.3333333333333,0.0,240.0,0.45133333333333336,0.0
2023-12-23 01:30:00,0.0,24.7,16.133333333333333,0.0,28.98,0.0,1.0,1.0,1.0,1.0,0.0,397.8,0.0,236.13333333333333,0.44393333333333335,0.0
2023-12-23 01:45:00,0.0,24.7,16.0,0.0,28.98,0.0,1.0,1.0,1.0,1.0,0.0,394.4,0.0,227.0,0.4268,0.0
2023-12-23 02:00:00,0.0,24.7,16.0,0.0,28.98,0.0,1.0,1.0,1.0,1.0,0.0,385.3333333333333,0.0,226.13333333333333,0.4251333333333333,0.0
2023-12-23 02:15:00,0.0,24.7,16.0,0.0,28.971333333333334,0.0,1.0,1.0,1.0,1.0,0.0,390.53333333333336,0.0,209.33333333333334,0.3936,0.0
2023-12-23 02:30:00,0.0,24.7,16.0,0.0,28.969999999999995,0.0,1.0,1.0,1.0,1.0,0.0,395.8666666666667,0.0,211.2,0.397,0.0
2023-12-23 02:45:00,0.0,24.7,16.0,0.0,28.969999999999995,0.0,1.0,1.0,1.0,1.0,0.0,393.6666666666667,0.0,206.2,0.3876666666666667,0.0
2023-12-23 03:00:00,0.0,24.7,16.0,0.0,28.971999999999998,0.0,1.0,1.0,1.0,1.0,0.0,391.8,0.0,210.66666666666666,0.39613333333333334,0.0
2023-12-23 03:15:00,0.0,24.7,16.0,0.0,28.96,0.0,1.0,1.0,1.0,1.0,0.0,394.3333333333333,0.0,209.2,0.39333333333333337,0.0
2023-12-23 03:30:00,0.0,24.7,16.0,0.0,28.949333333333335,0.0,1.0,1.0,1.0,1.0,0.0,388.4,0.0,224.73333333333332,0.42266666666666663,0.0
2023-12-23 03:45:00,0.0,24.7,16.0,0.0,28.94,0.0,1.0,1.0,1.0,1.0,0.0,384.73333333333335,0.0,250.66666666666666,0.47113333333333335,0.0
2023-12-23 04:00:00,0.0,24.7,16.0,0.0,28.935333333333336,0.0,1.0,1.0,1.0,1.0,0.0,385.46666666666664,0.0,277.8,0.522,0.0
2023-12-23 04:15:00,0.0,24.7,16.0,0.0,28.93,0.0,1.0,1.0,1.0,1.0,0.0,385.4,0.0,298.93333333333334,0.5619999999999999,0.0
2023-12-23 04:30:00,0.0,24.7,16.0,0.0,28.920666666666666,0.0,1.0,1.0,1.0,1.0,0.0,387.46666666666664,0.0,304.3333333333333,0.5721333333333333,0.0
2023-12-23 04:45:00,0.0,24.793333333333337,16.0,0.0,28.92,0.0,1.1333333333333333,1.4,1.4666666666666666,1.4666666666666666,0.0,389.4,0.0,307.93333333333334,0.5788,0.0
2023-12-23 05:00:00,0.0,24.779999999999998,16.0,0.0,28.913333333333334,0.0,1.8666666666666667,2.0,2.0,2.0,0.0,388.46666666666664,0.0,327.46666666666664,0.616,0.0
2023-12-23 05:15:00,0.0,24.7,16.0,0.0,28.91,0.0,2.0,2.0,2.0,2.0,0.0,391.8,0.0,345.06666666666666,0.6489333333333334,0.0
2023-12-23 05:30:00,0.0,24.7,16.0,0.0,28.91,0.0,2.0,2.066666666666667,2.066666666666667,2.066666666666667,0.0,390.0,0.0,344.53333333333336,0.6478,0.0
2023-12-23 05:45:00,0.0,24.7,16.0,0.0,28.91,0.0,2.0,2.0,2.0,2.0,0.0,386.6,0.0,338.53333333333336,0.6365999999999999,0.0
2023-12-23 06:00:00,0.0,24.7,16.0,0.0,28.906,0.0,2.0,2.0,2.0,2.0,0.0,388.6666666666667,0.0,326.6666666666667,0.6144666666666667,0.0
2023-12-23 06:15:00,0.0,24.733333333333334,16.0,0.0,28.899333333333335,0.0,1.8666666666666667,1.9333333333333333,1.9333333333333333,2.0,0.0,385.73333333333335,0.0,294.6666666666667,0.5539333333333334,0.0
2023-12-23 06:30:00,0.0,24.8,16.0,0.0,28.89,0.0,1.3333333333333333,1.8,1.8,1.8,0.0,388.0,0.0,268.53333333333336,0.5045333333333333,0.0
2023-12-23 06:45:00,0.0,24.8,16.0,0.0,28.886666666666667,0.0,1.2666666666666666,1.4666666666666666,1.5333333333333334,1.5333333333333334,0.0,390.53333333333336,0.0,251.6,0.473,0.0
2023-12-23 07:00:00,0.0,24.8,16.0,0.0,28.88,0.0,1.2666666666666666,1.6666666666666667,1.6666666666666667,1.6666666666666667,0.0,391.73333333333335,0.0,263.26666666666665,0.4948666666666667,0.0
2023-12-23 07:15:00,0.0,24.8,16.0,0.0,28.88,0.0,1.6666666666666667,1.9333333333333333,1.9333333333333333,1.9333333333333333,0.0,388.26666666666665,0.0,231.93333333333334,0.4358666666666667,0.0
2023-12-23 07:30:00,0.0,24.8,16.0,0.0,28.874000000000002,0.0,1.6,1.9333333333333333,1.9333333333333333,1.9333333333333333,0.0,389.8,0.0,211.73333333333332,0.3980666666666667,0.0
2023-12-23 07:45:00,0.0,24.8,16.6,0.0,28.87,0.0,1.3333333333333333,1.8666666666666667,1.8666666666666667,1.8666666666666667,0.0,391.8666666666667,0.0,202.0,0.3796,0.0
2023-12-23 08:00:00,0.0,24.8,17.0,0.0,28.862000000000002,0.0,1.3333333333333333,1.5333333333333334,1.5333333333333334,1.6,0.0,391.1333333333333,0.0,199.0,0.37426666666666664,0.0
2023-12-23 08:15:00,0.0,24.8,17.0,0.0,28.859333333333332,0.0,1.0666666666666667,1.1333333333333333,1.3333333333333333,1.4,0.0,388.8,0.0,179.33333333333334,0.33713333333333334,0.0
2023-12-23 08:30:00,0.0,24.8,17.0,0.0,28.85,0.0,1.0,1.0,1.0,1.0,0.0,389.53333333333336,0.0,168.73333333333332,0.3172,0.0
2023-12-23 08:45:00,0.0,24.8,17.0,0.0,28.847333333333335,0.0,1.0,1.0,1.0,1.0,0.0,388.0,0.0,162.13333333333333,0.3045333333333333,0.0
2023-12-23 09:00:00,0.0,24.8,17.0,0.0,28.840666666666667,0.0,1.0,1.0,1.0,1.0,0.0,385.1333333333333,0.0,174.86666666666667,0.3287333333333333,0.0
2023-12-23 09:15:00,0.0,24.8,17.0,0.0,28.838666666666665,0.0,1.0,1.0,1.0,1.0,0.0,386.3333333333333,0.0,166.46666666666667,0.31333333333333335,0.0
2023-12-23 09:30:00,0.0,24.8,17.0,0.0,28.83,0.0,1.0,1.0,1.0,1.0,0.0,389.93333333333334,0.0,181.73333333333332,0.3412,0.0
2023-12-23 09:45:00,0.0,24.8,17.0,0.0,28.83,0.0,1.0,1.0,1.0,1.0,0.0,398.1333333333333,0.0,194.6,0.3658,0.0
2023-12-23 10:00:00,0.0,24.8,17.0,0.0,28.826666666666664,0.0,1.0,1.0,1.0,1.0,0.0,397.8,0.0,207.66666666666666,0.39039999999999997,0.0
2023-12-23 10:15:00,0.0,24.8,17.0,0.0,28.825333333333333,0.0,1.0,1.0,1.0,1.0,0.0,398.73333333333335,0.0,209.4,0.3936,0.0
2023-12-23 10:30:00,0.0,24.8,17.0,0.0,28.83,0.0,1.0,1.0,1.0,1.0,0.0,397.93333333333334,0.0,206.6,0.3884,0.0
2023-12-23 10:45:00,0.0,24.8,17.0,0.0,28.83,0.0,1.0,1.0,1.0,1.0,0.0,398.46666666666664,0.0,206.73333333333332,0.38866666666666666,0.0
2023-12-23 11:00:00,0.0,24.8,17.0,0.0,28.83133333333333,0.0,1.0,1.0,1.0,1.0,0.0,402.46666666666664,0.0,223.26666666666668,0.4196,0.0
2023-12-23 11:15:00,0.0,24.8,17.0,0.0,28.83,0.0,1.0,1.0,1.0,1.0,0.0,401.3333333333333,0.0,253.53333333333333,0.4766666666666666,0.0
2023-12-23 11:30:00,0.0,24.8,17.0,0.0,28.837333333333333,0.0,5.066666666666666,5.266666666666667,5.266666666666667,5.266666666666667,0.0,406.06666666666666,0.0,334.1333333333333,0.6284,0.0
2023-12-23 11:45:00,0.0,24.86,17.0,0.0,28.83,0.0,1.5333333333333334,1.7333333333333334,1.7333333333333334,1.7333333333333334,0.0,419.46666666666664,0.0,413.0,0.7763333333333333,0.0
2023-12-23 12:00:00,0.0,24.886666666666663,17.0,0.0,28.825333333333333,0.0,1.2,1.3333333333333333,1.3333333333333333,1.3333333333333333,0.0,411.06666666666666,0.0,366.06666666666666,0.6883333333333332,0.0
2023-12-23 12:15:00,0.0,24.8,17.0,0.0,28.82,0.0,1.0,1.0,1.0,1.0,0.0,400.93333333333334,0.0,314.0,0.5903333333333334,0.0
2023-12-23 12:30:00,1.6,24.8,17.0,0.0,28.81,0.0,1.0,1.0,1.0,1.0,0.0,396.06666666666666,0.0,271.1333333333333,0.5098666666666667,0.0
2023-12-23 12:45:00,4.0,24.720000000000002,17.0,0.0,28.814,0.0,1.0,1.0,1.0,1.0,0.0,399.3333333333333,0.0,236.93333333333334,0.4456,0.0
2023-12-23 13:00:00,4.0,24.7,17.0,0.0,28.82,0.0,1.0,1.0,1.0,1.0,0.0,398.0,0.0,229.46666666666667,0.4315333333333333,0.0
2023-12-23 13:15:00,4.0,24.7,17.0,0.0,28.817333333333334,0.0,1.0,1.0,1.0,1.0,0.0,398.73333333333335,0.0,222.66666666666666,0.4186666666666667,0.0
2023-12-23 13:30:00,4.0,24.7,17.0,0.0,28.81,0.0,1.0,1.0,1.0,1.0,0.0,398.1333333333333,0.0,210.8,0.3960666666666667,0.0
2023-12-23 13:45:00,4.0,24.7,17.0,0.0,28.816666666666666,0.0,1.0,1.1333333333333333,1.1333333333333333,1.1333333333333333,0.0,398.8,0.0,201.66666666666666,0.37866666666666665,0.0
2023-12-23 14:00:00,4.0,24.60666666666667,16.666666666666668,0.0,28.81,0.0,1.7333333333333334,2.0,2.0,2.0,0.0,403.2,0.0,197.8,0.37193333333333334,0.0
2023-12-23 14:15:00,4.0,24.6,16.0,0.0,28.81,0.0,1.9333333333333333,2.0,2.0,2.0,0.0,402.8666666666667,0.0,196.2,0.3686666666666667,0.0
2023-12-23 14:30:00,4.0,24.6,16.0,0.0,28.802000000000003,0.0,2.0,2.0,2.0,2.0,0.0,404.1333333333333,0.0,198.8,0.37353333333333333,0.0
2023-12-23 14:45:00,4.0,24.6,16.0,0.0,28.807333333333336,0.0,2.0,2.1333333333333333,2.1333333333333333,2.1333333333333333,0.0,392.8,0.0,183.53333333333333,0.34486666666666665,0.0
2023-12-23 15:00:00,4.0,24.6,16.0,0.0,28.81,0.0,2.2666666666666666,2.4,2.533333333333333,2.533333333333333,0.0,388.8666666666667,0.0,185.0,0.34773333333333334,0.0
2023-12-23 15:15:00,4.0,24.6,16.0,0.0,28.806666666666665,0.0,2.933333333333333,3.0,3.066666666666667,3.066666666666667,0.0,396.2,0.0,190.4,0.3576666666666667,0.0
2023-12-23 15:30:00,4.0,24.6,16.0,0.0,28.8,0.0,3.0,3.066666666666667,3.066666666666667,3.066666666666667,0.0,400.06666666666666,0.0,180.46666666666667,0.33940000000000003,0.0
2023-12-23 15:45:00,4.0,24.6,16.0,0.0,28.8,0.0,3.066666666666667,3.2,3.2666666666666666,3.3333333333333335,0.0,403.8,0.0,166.66666666666666,0.31333333333333335,0.0
2023-12-23 16:00:00,4.0,24.6,16.0,0.0,28.804666666666666,0.0,3.0,3.3333333333333335,3.466666666666667,3.466666666666667,0.0,397.6666666666667,0.0,158.0,0.29706666666666665,0.0
2023-12-23 16:15:00,4.0,24.6,16.0,0.0,28.8,0.0,3.0,3.533333333333333,3.6666666666666665,3.6666666666666665,0.0,395.1333333333333,0.0,141.93333333333334,0.2666,0.0
2023-12-23 16:30:00,4.0,24.6,16.0,0.0,28.794666666666668,0.0,3.0,3.6666666666666665,3.7333333333333334,3.8,0.0,398.3333333333333,0.0,135.2,0.25433333333333336,0.0
2023-12-23 16:45:00,4.0,24.6,16.0,0.0,28.795333333333335,0.0,3.8,3.933333333333333,3.933333333333333,3.933333333333333,0.0,396.8,0.0,134.4,0.25279999999999997,0.0
2023-12-23 17:00:00,4.0,24.6,16.0,0.0,28.790666666666667,0.0,4.0,4.066666666666666,4.133333333333334,4.133333333333334,0.0,395.4,0.0,131.46666666666667,0.24733333333333332,0.0
2023-12-23 17:15:00,4.0,24.6,15.666666666666666,0.0,28.78933333333333,0.0,4.333333333333333,4.666666666666667,4.8,4.866666666666666,0.0,398.6,0.0,136.2,0.256,0.0
2023-12-23 17:30:00,2.6666666666666665,24.6,15.0,0.0,28.78933333333333,0.0,4.533333333333333,5.0,5.0,5.0,0.0,396.26666666666665,0.0,133.6,0.25133333333333335,0.0
2023-12-23 17:45:00,0.0,24.6,15.0,0.0,28.79,0.0,4.866666666666666,5.066666666666666,5.133333333333334,5.133333333333334,0.0,393.1333333333333,0.0,136.4,0.25666666666666665,0.0
2023-12-23 18:00:00,0.0,24.66,15.0,0.0,28.79,0.0,4.733333333333333,5.133333333333334,5.266666666666667,5.266666666666667,0.0,396.0,0.0,144.53333333333333,0.272,0.0
2023-12-23 18:15:00,0.0,24.7,15.0,0.0,28.784666666666666,0.0,4.933333333333334,5.0,5.066666666666666,5.066666666666666,0.0,390.8,0.0,146.6,0.27553333333333335,0.0
2023-12-23 18:30:00,0.0,24.7,15.0,0.0,28.79,0.0,4.466666666666667,4.933333333333334,4.933333333333334,4.933333333333334,0.0,391.8,0.0,135.8,0.25520000000000004,0.0
2023-12-23 18:45:00,0.0,24.7,15.0,0.0,28.79,0.0,4.133333333333334,4.733333333333333,4.866666666666666,4.866666666666666,0.0,391.06666666666666,0.0,136.26666666666668,0.2562666666666667,0.0
2023-12-23 19:00:00,0.0,24.7,15.0,0.0,28.78666666666667,0.0,4.266666666666667,4.933333333333334,5.0,5.0,0.0,387.93333333333334,0.0,137.66666666666666,0.25853333333333334,0.0
2023-12-23 19:15:00,0.0,24.7,15.0,0.0,28.781333333333336,0.0,4.4,4.866666666666666,4.933333333333334,4.933333333333334,0.0,387.8666666666667,0.0,139.26666666666668,0.26186666666666664,0.0
2023-12-23 19:30:00,0.0,24.7,15.0,0.0,28.776,0.0,4.4,4.8,4.866666666666666,4.866666666666666,0.0,391.2,0.0,140.13333333333333,0.2634666666666667,0.0
2023-12-23 19:45:00,0.0,24.7,15.0,0.0,28.780000000000005,0.0,4.0,4.6,4.666666666666667,4.666666666666667,0.0,388.6,0.0,138.4,0.26026666666666665,0.0
2023-12-23 20:00:00,0.0,24.7,15.0,0.0,28.780000000000005,0.0,4.066666666666666,4.466666666666667,4.666666666666667,4.666666666666667,0.0,385.0,0.0,138.8,0.26106666666666667,0.0
2023-12-23 20:15:00,0.0,24.69333333333333,15.0,0.0,28.780000000000005,0.0,4.133333333333334,4.466666666666667,4.533333333333333,4.533333333333333,0.0,381.46666666666664,0.0,141.8,0.26666666666666666,0.0
2023-12-23 20:30:00,0.0,24.7,15.0,0.0,28.78533333333333,0.0,4.0,4.0,4.0,4.2,0.0,380.93333333333334,0.0,140.6,0.2642666666666667,0.0
2023-12-23 20:45:00,0.0,24.7,15.0,0.0,28.78066666666667,0.0,4.0,4.066666666666666,4.066666666666666,4.066666666666666,0.0,387.1333333333333,0.0,137.6,0.2588666666666667,0.0
2023-12-23 21:00:00,0.0,24.7,15.0,0.0,28.780000000000005,0.0,3.8666666666666667,4.0,4.0,4.0,0.0,381.53333333333336,0.0,138.0,0.25933333333333336,0.0
2023-12-23 21:15:00,0.0,24.7,15.0,0.0,28.778000000000002,0.0,3.6666666666666665,4.0,4.0,4.0,0.0,379.73333333333335,0.0,139.13333333333333,0.2614666666666667,0.0
2023-12-23 21:30:00,0.0,24.7,15.0,0.0,28.764000000000003,0.0,3.533333333333333,3.933333333333333,4.0,4.0,0.0,377.06666666666666,0.0,139.0,0.2614,0.0
2023-12-23 21:45:00,0.0,24.7,15.0,0.0,28.769333333333336,0.0,3.2666666666666666,3.7333333333333334,3.8,3.8,0.0,374.26666666666665,0.0,140.66666666666666,0.26466666666666666,0.0
2023-12-23 22:00:00,0.0,24.7,15.0,0.0,28.77,0.0,3.0,3.3333333333333335,3.3333333333333335,3.3333333333333335,0.0,376.4,0.0,137.8,0.2588666666666667,0.0
2023-12-23 22:15:00,0.0,24.7,15.0,0.0,28.768666666666665,0.0,3.0,3.0,3.0,3.0,0.0,375.6666666666667,0.0,146.53333333333333,0.27553333333333335,0.0
2023-12-23 22:30:00,0.0,24.64,15.0,0.0,28.766000000000002,0.0,3.0,3.0,3.0,3.0,0.0,377.8666666666667,0.0,146.0,0.2744666666666667,0.0
2023-12-23 22:45:00,0.0,24.60666666666667,15.0,0.0,28.762666666666668,0.0,2.8,3.0,3.0,3.0,0.0,379.06666666666666,0.0,146.6,0.2756,0.0
2023-12-23 23:00:00,0.0,24.66,15.0,0.0,28.76,0.0,2.1333333333333333,2.6666666666666665,2.6666666666666665,2.6666666666666665,0.0,378.6,0.0,155.93333333333334,0.29306666666666664,0.0
2023-12-23 23:15:00,0.0,24.60666666666667,15.0,0.0,28.76,0.0,2.1333333333333333,2.2666666666666666,2.2666666666666666,2.3333333333333335,0.0,378.06666666666666,0.0,165.66666666666666,0.31153333333333333,0.0
2023-12-23 23:30:00,0.0,24.6,15.0,0.0,28.76,0.0,2.0,2.066666666666667,2.066666666666667,2.066666666666667,0.0,381.73333333333335,0.0,164.0,0.30826666666666663,0.0
2023-12-23 23:45:00,0.0,24.613333333333337,15.0,0.0,28.76,0.0,2.0,2.0,2.0,2.0,0.0,378.8,0.0,168.93333333333334,0.3174666666666667,0.0
2023-12-24 00:00:00,0.0,24.6,15.0,0.0,28.757333333333335,0.0,2.0,2.0,2.0,2.0,0.0,378.6666666666667,0.0,176.06666666666666,0.3310666666666667,0.0
2023-12-24 00:15:00,0.0,24.633333333333333,15.0,0.0,28.766666666666666,0.0,2.0,2.0,2.0,2.0,0.0,373.46666666666664,0.0,183.73333333333332,0.3453333333333333,0.0
2023-12-24 00:30:00,0.0,24.6,15.0,0.0,28.77,0.0,2.0,2.0,2.0,2.0,0.0,379.53333333333336,0.0,188.6,0.3547333333333333,0.0
2023-12-24 00:45:00,0.0,24.6,15.0,0.0,28.776666666666667,0.0,2.0,2.0,2.0,2.0,0.0,384.26666666666665,0.0,199.2,0.37433333333333335,0.0
2023-12-24 01:00:00,0.0,24.6,15.0,0.0,28.770666666666667,0.0,2.0,2.0,2.0,2.0,0.0,384.93333333333334,0.0,191.53333333333333,0.36,0.0
2023-12-24 01:15:00,0.0,24.6,15.0,0.0,28.77,0.0,2.0,2.0,2.0,2.0,0.0,386.2,0.0,203.4,0.38239999999999996,0.0
2023-12-24 01:30:00,0.0,24.6,15.0,0.0,28.77,0.0,2.0,2.0,2.0,2.0,0.0,389.8,0.0,208.13333333333333,0.3914666666666667,0.0
2023-12-24 01:45:00,0.0,24.6,15.0,0.0,28.77,0.0,1.9333333333333333,2.0,2.0,2.0,0.0,390.8,0.0,221.0,0.4154666666666667,0.0
2023-12-24 02:00:00,0.0,24.69333333333333,15.0,0.0,28.764666666666667,0.0,2.0,2.0,2.0,2.0,0.0,392.06666666666666,0.0,230.46666666666667,0.43320000000000003,0.0
2023-12-24 02:15:00,0.0,24.6,15.0,0.0,28.766000000000002,0.0,2.0,2.0,2.0,2.0,0.0,391.1333333333333,0.0,244.6,0.4597333333333333,0.0
2023-12-24 02:30:00,0.0,24.62,14.066666666666666,0.0,28.768666666666665,0.0,2.0,2.0,2.0,2.0,0.0,388.53333333333336,0.0,253.46666666666667,0.4764,0.0
2023-12-24 02:45:00,0.0,24.7,14.0,0.0,28.77,0.0,2.0,2.0,2.0,2.0,0.0,382.06666666666666,0.0,260.53333333333336,0.48960000000000004,0.0
2023-12-24 03:00:00,0.0,24.7,14.0,0.0,28.77,0.0,2.0,2.0,2.0,2.0,0.0,385.2,0.0,263.53333333333336,0.4954,0.0
2023-12-24 03:15:00,0.0,24.686666666666667,14.0,0.0,28.774,0.0,2.0,2.0,2.0,2.0,0.0,397.0,0.0,261.73333333333335,0.4919333333333333,0.0
2023-12-24 03:30:00,0.0,24.6,14.0,0.0,28.780000000000005,0.0,2.0,2.0,2.0,2.0,0.0,391.6,0.0,261.8666666666667,0.4922,0.0
2023-12-24 03:45:00,0.0,24.686666666666667,14.0,0.0,28.780000000000005,0.0,2.0,2.0,2.0,2.0,0.0,388.2,0.0,264.8666666666667,0.4982666666666667,0.0
2023-12-24 04:00:00,0.0,24.7,14.0,0.0,28.777333333333335,0.0,2.0,2.0,2.0,2.0,0.0,391.93333333333334,0.0,274.8,0.5165333333333334,0.0
2023-12-24 04:15:00,0.0,24.7,14.0,0.0,28.777333333333335,0.0,2.0,2.0,2.0,2.0,0.0,395.6666666666667,0.0,280.06666666666666,0.5264666666666666,0.0
2023-12-24 04:30:00,0.0,24.7,14.0,0.0,28.780000000000005,0.0,2.066666666666667,2.3333333333333335,2.4,2.4,0.0,397.3333333333333,0.0,285.53333333333336,0.5370666666666667,0.0
2023-12-24 04:45:00,0.0,24.7,14.0,0.0,28.780000000000005,0.0,2.6666666666666665,3.0,3.0,3.0,0.0,394.6,0.0,296.8,0.5578666666666667,0.0
2023-12-24 05:00:00,0.0,24.7,14.0,0.0,28.780000000000005,0.0,3.0,3.0,3.0,3.066666666666667,0.0,392.3333333333333,0.0,295.0,0.5547333333333333,0.0
2023-12-24 05:15:00,0.0,24.7,14.0,0.0,28.780000000000005,0.0,3.066666666666667,3.2,3.2666666666666666,3.2666666666666666,0.0,393.4,0.0,314.53333333333336,0.5913333333333333,0.0
2023-12-24 05:30:00,0.0,24.7,14.0,0.0,28.780000000000005,0.0,3.0,3.2666666666666666,3.3333333333333335,3.4,0.0,395.53333333333336,0.0,308.53333333333336,0.5799333333333333,0.0
2023-12-24 05:45:00,0.0,24.7,14.0,0.0,28.780000000000005,0.0,3.066666666666667,3.3333333333333335,3.3333333333333335,3.3333333333333335,0.0,395.8,0.0,320.1333333333333,0.6021333333333333,0.0
2023-12-24 06:00:00,0.0,24.7,14.0,0.0,28.780000000000005,0.0,3.0,3.2,3.2666666666666666,3.4,0.0,400.3333333333333,0.0,333.6666666666667,0.6270666666666667,0.0
2023-12-24 06:15:00,0.0,24.7,14.466666666666667,0.0,28.780000000000005,0.0,3.2666666666666666,3.3333333333333335,3.466666666666667,3.533333333333333,0.0,398.8,0.0,346.73333333333335,0.652,0.0
2023-12-24 06:30:00,0.0,24.7,15.0,0.0,28.780000000000005,0.0,3.0,3.4,3.4,3.533333333333333,0.0,395.6666666666667,0.0,342.2,0.6434666666666667,0.0
2023-12-24 06:45:00,0.0,24.7,15.0,0.0,28.780000000000005,0.0,3.1333333333333333,3.6,3.6,3.6,0.0,391.8,0.0,348.26666666666665,0.6546000000000001,0.0
2023-12-24 07:00:00,0.0,24.7,15.0,0.0,28.778666666666666,0.0,3.1333333333333333,3.8,3.8,3.8,0.0,393.0,0.0,333.8666666666667,0.6273333333333333,0.0
2023-12-24 07:15:00,0.0,24.7,15.0,0.0,28.772,0.0,3.6,3.8666666666666667,3.933333333333333,3.933333333333333,0.0,394.8,0.0,335.53333333333336,0.6308666666666667,0.0
2023-12-24 07:30:00,0.0,24.66,15.0,0.0,28.77,0.0,3.933333333333333,4.0,4.0,4.0,0.0,398.93333333333334,0.0,334.06666666666666,0.6278666666666666,0.0
2023-12-24 07:45:00,0.0,24.6,15.0,0.0,28.77,0.0,4.066666666666666,4.2,4.2,4.266666666666667,0.0,397.06666666666666,0.0,341.3333333333333,0.6416666666666667,0.0
2023-12-24 08:00:00,0.0,24.6,15.0,0.0,28.77,0.0,4.0,4.266666666666667,4.4,4.6,0.0,392.6,0.0,372.8666666666667,0.7009333333333333,0.0
2023-12-24 08:15:00,0.0,24.6,15.0,0.0,28.770666666666667,0.0,3.7333333333333334,4.0,4.133333333333334,4.133333333333334,0.0,390.0,0.0,413.8666666666667,0.7782666666666667,0.0
2023-12-24 08:30:00,0.0,24.62,15.0,0.0,28.77,0.0,3.466666666666667,3.8666666666666667,3.933333333333333,3.933333333333333,0.0,395.46666666666664,0.0,428.73333333333335,0.8062,0.0
2023-12-24 08:45:00,0.0,24.7,15.0,0.0,28.77,0.0,3.3333333333333335,3.6,3.8666666666666667,3.8666666666666667,0.0,398.3333333333333,0.0,451.6666666666667,0.8493333333333334,0.0
2023-12-24 09:00:00,0.0,24.7,15.0,0.0,28.770666666666667,0.0,3.2666666666666666,3.6,3.8,3.8666666666666667,0.0,392.26666666666665,0.0,439.6666666666667,0.8266666666666667,0.0
2023-12-24 09:15:00,0.0,24.7,15.0,0.0,28.772,0.0,3.7333333333333334,4.0,4.0,4.0,0.0,394.4,0.0,418.0,0.7858,0.0
2023-12-24 09:30:00,0.26666666666666666,24.7,15.0,0.0,28.777333333333335,0.0,3.933333333333333,4.066666666666666,4.066666666666666,4.066666666666666,0.0,391.93333333333334,0.0,385.4,0.7245333333333334,0.0
2023-12-24 09:45:00,0.0,24.7,15.0,0.0,28.780000000000005,0.0,4.0,4.066666666666666,4.333333333333333,4.333333333333333,0.0,394.8666666666667,0.0,361.6,0.6796666666666666,0.0
2023-12-24 10:00:00,0.0,24.7,15.0,0.0,28.780000000000005,0.0,4.0,4.2,4.333333333333333,4.333333333333333,0.0,400.3333333333333,0.0,358.46666666666664,0.6737333333333333,0.0
2023-12-24 10:15:00,0.0,24.7,15.0,0.0,28.788666666666664,0.0,4.4,4.933333333333334,4.933333333333334,4.933333333333334,0.0,400.0,0.0,367.6,0.6910000000000001,0.0
2023-12-24 10:30:00,0.0,24.7,15.0,0.0,28.79,0.0,5.0,5.266666666666667,5.266666666666667,5.333333333333333,0.0,398.2,0.0,368.2,0.6922666666666667,0.0
2023-12-24 10:45:00,0.0,24.7,15.0,0.0,28.79,0.0,5.066666666666666,5.4,5.466666666666667,5.466666666666667,0.0,400.6666666666667,0.0,356.53333333333336,0.6701333333333334,0.0
2023-12-24 11:00:00,0.0,24.7,15.0,0.0,28.79,0.0,5.0,5.066666666666666,5.133333333333334,5.2,0.0,401.73333333333335,0.0,345.93333333333334,0.6502,0.0
2023-12-24 11:15:00,0.0,24.7,15.0,0.0,28.78933333333333,0.0,5.0,5.2,5.466666666666667,5.466666666666667,0.0,398.53333333333336,0.0,343.8666666666667,0.6465333333333334,0.0
2023-12-24 11:30:00,0.0,24.7,15.133333333333333,0.0,28.780000000000005,0.0,4.933333333333334,5.2,5.266666666666667,5.266666666666667,0.0,401.6666666666667,0.0,341.8666666666667,0.6426,0.0
2023-12-24 11:45:00,0.0,24.7,16.0,0.0,28.780000000000005,0.0,4.533333333333333,5.0,5.0,5.0,0.0,401.6,0.0,352.6,0.6629333333333334,0.0
2023-12-24 12:00:00,0.0,24.7,16.0,0.0,28.780000000000005,0.0,4.2,4.866666666666666,4.866666666666666,4.866666666666666,0.0,402.46666666666664,0.0,360.93333333333334,0.6786666666666666,0.0
2023-12-24 12:15:00,0.0,24.7,16.0,0.0,28.780000000000005,0.0,4.0,4.2,4.333333333333333,4.4,0.0,402.4,0.0,374.53333333333336,0.7040666666666666,0.0
2023-12-24 12:30:00,0.0,24.7,16.0,0.0,28.780000000000005,0.0,4.0,4.133333333333334,4.266666666666667,4.333333333333333,0.0,406.46666666666664,0.0,384.2,0.7222000000000001,0.0
2023-12-24 12:45:00,0.0,24.7,16.0,0.0,28.777333333333335,0.0,3.8,4.0,4.0,4.0,0.0,405.06666666666666,0.0,346.93333333333334,0.6520666666666667,0.0
2023-12-24 13:00:00,0.0,24.7,16.0,0.0,28.77,0.0,3.8,4.0,4.0,4.0,0.0,401.1333333333333,0.0,321.06666666666666,0.6036,0.0
2023-12-24 13:15:00,0.0,24.7,16.0,0.0,28.77,0.0,3.1333333333333333,3.466666666666667,3.533333333333333,3.6,0.0,404.0,0.0,348.53333333333336,0.6554,0.0
2023-12-24 13:30:00,0.0,24.653333333333332,16.0,0.0,28.77,0.0,3.2666666666666666,3.8666666666666667,3.8666666666666667,3.933333333333333,0.0,404.2,0.0,360.3333333333333,0.6772666666666667,0.0
2023-12-24 13:45:00,0.0,24.633333333333333,16.0,0.0,28.776,0.0,3.0,3.066666666666667,3.066666666666667,3.066666666666667,0.0,409.3333333333333,0.0,378.3333333333333,0.7113333333333334,0.0
2023-12-24 14:00:00,0.0,24.7,16.0,0.0,28.779333333333334,0.0,3.0,3.0,3.0,3.0,0.0,411.53333333333336,0.0,418.1333333333333,0.7860666666666667,0.0
2023-12-24 14:15:00,0.0,24.7,16.0,0.0,28.780000000000005,0.0,3.0,3.0,3.0,3.0,0.0,406.2,0.0,422.6,0.7945333333333334,0.0
2023-12-24 14:30:00,0.0,24.7,16.0,0.0,28.780000000000005,0.0,3.0,3.066666666666667,3.066666666666667,3.066666666666667,0.0,407.0,0.0,433.73333333333335,0.8156666666666667,0.0
2023-12-24 14:45:00,0.0,24.7,16.0,0.0,28.780000000000005,0.0,3.0,3.0,3.0,3.0,0.0,407.6,0.0,441.53333333333336,0.8302666666666667,0.0
2023-12-24 15:00:00,0.0,24.7,16.0,0.0,28.780000000000005,0.0,3.0,3.0,3.0,3.066666666666667,0.0,406.93333333333334,0.0,459.8,0.8646666666666667,0.0
2023-12-24 15:15:00,0.0,24.633333333333333,16.0,0.0,28.780000000000005,0.0,3.0,3.0,3.0,3.0,0.0,409.46666666666664,0.0,472.1333333333333,0.8877333333333334,0.0
2023-12-24 15:30:00,0.0,24.6,16.0,0.0,28.778000000000002,0.0,3.0,3.066666666666667,3.1333333333333333,3.1333333333333333,0.0,406.06666666666666,0.0,465.06666666666666,0.8744,0.0
2023-12-24 15:45:00,0.0,24.6,16.0,0.0,28.776666666666667,0.0,3.0,3.0,3.0,3.066666666666667,0.0,406.26666666666665,0.0,477.93333333333334,0.8987999999999999,0.0
2023-12-24 16:00:00,0.0,24.6,16.0,0.0,28.777333333333335,0.0,3.0,3.0,3.0,3.0,0.0,408.93333333333334,0.0,511.4,0.9614666666666667,0.0
2023-12-24 16:15:00,0.0,24.60666666666667,16.0,0.0,28.771333333333335,0.0,2.8666666666666667,3.0,3.0,3.0,0.0,405.8666666666667,0.0,491.8666666666667,0.9248,0.0
2023-12-24 16:30:00,0.0,24.6,16.0,0.0,28.77,0.0,2.8,3.0,3.0,3.0,0.0,405.73333333333335,0.0,405.8666666666667,0.7628666666666667,0.0
2023-12-24 16:45:00,0.0,24.6,16.0,0.0,28.77,0.0,2.6,2.8,2.933333333333333,3.0,0.0,407.93333333333334,0.0,314.06666666666666,0.5904666666666666,0.0
2023-12-24 17:00:00,0.0,24.6,16.0,0.0,28.776,0.0,2.1333333333333333,2.8,2.8666666666666667,2.8666666666666667,0.0,406.8,0.0,288.4,0.5422666666666667,0.0
2023-12-24 17:15:00,0.0,24.6,16.0,0.0,28.772,0.0,2.1333333333333333,2.6666666666666665,2.7333333333333334,2.7333333333333334,0.0,404.73333333333335,0.0,264.3333333333333,0.4970666666666667,0.0
2023-12-24 17:30:00,0.0,24.6,16.0,0.0,28.76,0.0,2.0,2.466666666666667,2.6,2.6,0.0,404.6666666666667,0.0,243.8,0.45813333333333334,0.0
2023-12-24 17:45:00,0.0,24.6,16.0,0.0,28.766000000000002,0.0,2.0,2.1333333333333333,2.1333333333333333,2.1333333333333333,0.0,406.0,0.0,228.53333333333333,0.4298,0.0
2023-12-24 18:00:00,0.0,24.6,16.0,0.0,28.76,0.0,2.0,2.066666666666667,2.2,2.2,0.0,408.2,0.0,166.46666666666667,0.3127333333333333,0.0
2023-12-24 18:15:00,0.0,24.6,16.0,0.0,28.76,0.0,2.066666666666667,2.2666666666666666,2.2666666666666666,2.2666666666666666,0.0,407.93333333333334,0.0,153.46666666666667,0.28853333333333336,0.0
2023-12-24 18:30:00,0.0,24.6,16.0,0.0,28.76,0.0,2.0,2.0,2.0,2.0,0.0,413.0,0.0,133.06666666666666,0.25006666666666666,0.0
2023-12-24 18:45:00,0.0,24.6,16.0,0.0,28.76,0.0,2.0,2.0,2.0,2.0,0.0,423.2,0.0,99.46666666666667,0.18726666666666666,0.0
2023-12-24 19:00:00,0.0,24.6,16.0,0.0,28.754666666666665,0.0,2.0,2.0,2.066666666666667,2.066666666666667,0.0,425.8,0.0,93.2,0.1752,0.0
2023-12-24 19:15:00,0.0,24.6,16.0,0.0,28.75,0.0,2.0,2.0,2.066666666666667,2.066666666666667,0.0,423.53333333333336,0.0,87.53333333333333,0.16473333333333334,0.0
2023-12-24 19:30:00,0.0,24.6,16.0,0.0,28.75,0.0,2.0,2.0,2.0,2.0,0.0,418.46666666666664,0.0,73.13333333333334,0.13766666666666666,0.0
2023-12-24 19:45:00,0.0,24.6,16.0,0.0,28.75,0.0,2.0,2.0,2.0,2.0,0.0,421.0,0.0,74.2,0.13953333333333334,0.0
2023-12-24 20:00:00,0.0,24.6,16.0,0.0,28.75,0.0,2.0,2.0,2.0,2.0,0.0,425.26666666666665,0.0,73.13333333333334,0.13713333333333333,0.0
2023-12-24 20:15:00,0.0,24.6,16.0,0.0,28.744666666666664,0.0,2.0,2.066666666666667,2.066666666666667,2.066666666666667,0.0,426.73333333333335,0.0,69.4,0.13053333333333333,0.0
2023-12-24 20:30:00,0.0,24.6,16.0,0.0,28.74,0.0,2.0,2.1333333333333333,2.1333333333333333,2.1333333333333333,0.0,426.4,0.0,65.6,0.12333333333333334,0.0
2023-12-24 20:45:00,0.0,24.6,16.0,0.0,28.74,0.0,2.0,2.2666666666666666,2.2666666666666666,2.2666666666666666,0.0,427.2,0.0,64.73333333333333,0.12173333333333333,0.0
2023-12-24 21:00:00,0.0,24.6,16.0,0.0,28.732666666666667,0.0,2.0,2.066666666666667,2.2,2.3333333333333335,0.0,425.8,0.0,65.53333333333333,0.12333333333333334,0.0
2023-12-24 21:15:00,0.0,24.6,16.0,0.0,28.735999999999997,0.0,2.0,2.066666666666667,2.066666666666667,2.066666666666667,0.0,429.8,0.0,59.46666666666667,0.11193333333333334,0.0
2023-12-24 21:30:00,0.0,24.6,16.0,0.0,28.731333333333335,0.0,2.0,2.2666666666666666,2.3333333333333335,2.3333333333333335,0.0,424.6,0.0,49.6,0.09326666666666666,0.0
2023-12-24 21:45:00,0.0,24.6,16.0,0.0,28.730666666666664,0.0,2.0,2.466666666666667,2.6,2.6,0.0,422.06666666666666,0.0,49.4,0.09286666666666667,0.0
2023-12-24 22:00:00,0.0,24.6,16.0,0.0,28.73,0.0,2.1333333333333333,2.2666666666666666,2.4,2.4,0.0,425.4,0.0,48.333333333333336,0.09073333333333333,0.0
2023-12-24 22:15:00,0.0,24.6,16.0,0.0,28.726,0.0,2.1333333333333333,2.6666666666666665,2.7333333333333334,2.8,0.0,421.8,0.0,47.46666666666667,0.08919999999999999,0.0
2023-12-24 22:30:00,0.0,24.6,16.0,0.0,28.72533333333333,0.0,2.2,2.4,2.533333333333333,2.6666666666666665,0.0,421.6,0.0,47.06666666666667,0.08839999999999999,0.0
2023-12-24 22:45:00,0.0,24.6,16.333333333333332,0.0,28.73,0.0,2.1333333333333333,2.2,2.2,2.2,0.0,416.06666666666666,0.0,45.733333333333334,0.08600000000000001,0.0
2023-12-24 23:00:00,0.0,24.6,17.0,0.0,28.73,0.0,2.0,2.1333333333333333,2.1333333333333333,2.2,0.0,414.2,0.0,46.06666666666667,0.08666666666666667,0.0
2023-12-24 23:15:00,0.0,24.6,17.0,0.0,28.734666666666666,0.0,2.0,2.2,2.2666666666666666,2.2666666666666666,0.0,414.26666666666665,0.0,46.93333333333333,0.08833333333333333,0.0
2023-12-24 23:30:00,0.0,24.6,17.0,0.0,28.736666666666668,0.0,2.0,2.2,2.2,2.2666666666666666,0.0,421.06666666666666,0.0,46.06666666666667,0.08653333333333334,0.0
2023-12-24 23:45:00,0.0,24.6,17.0,0.0,28.732666666666667,0.0,2.066666666666667,2.2666666666666666,2.2666666666666666,2.2666666666666666,0.0,421.1333333333333,0.0,46.13333333333333,0.08686666666666666,0.0
