Timestamp,PM 1.0,PM 2.5,PM 4.0,PM 10
2023-12-18 00:00:00,1.6657142857142857,1.9759999999999998,2.0577857142857146,2.059714285714286
2023-12-18 00:15:00,1.9786666666666668,2.128,2.134,2.136
2023-12-18 00:30:00,2.12,2.128,2.134,2.136
2023-12-18 00:45:00,1.8373333333333335,1.9861333333333335,1.9917333333333334,1.9936
2023-12-18 01:00:00,1.3426666666666667,1.7024000000000001,1.7072,1.7088
2023-12-18 01:15:00,1.3426666666666667,1.7733333333333334,1.7783333333333333,1.7800000000000002
2023-12-18 01:30:00,1.6253333333333335,1.9152000000000002,1.9205999999999999,1.9224
2023-12-18 01:45:00,1.3426666666666667,1.8442666666666667,1.8494666666666666,1.8512000000000002
2023-12-18 02:00:00,1.4133333333333333,1.7733333333333334,1.7783333333333333,1.7800000000000002
2023-12-18 02:15:00,2.190666666666667,2.4117333333333333,2.418533333333333,2.4208000000000003
2023-12-18 02:30:00,3.038666666666667,3.1210666666666667,3.129866666666666,3.1328
2023-12-18 02:45:00,3.1093333333333333,3.192,3.2009999999999996,3.2752000000000003
2023-12-18 03:00:00,3.038666666666667,3.192,3.2009999999999996,3.204
2023-12-18 03:15:00,2.4026666666666667,2.695466666666667,2.7742,2.848
2023-12-18 03:30:00,2.12,2.128,2.134,2.136
2023-12-18 03:45:00,2.0493333333333332,2.128,2.134,2.136
2023-12-18 04:00:00,1.8373333333333335,2.0570666666666666,2.0628666666666664,2.0648
2023-12-18 04:15:00,1.2013333333333334,1.5605333333333333,1.6360666666666668,1.6376000000000002
2023-12-18 04:30:00,1.9786666666666668,2.128,2.134,2.136
2023-12-18 04:45:00,2.473333333333333,2.7664000000000004,2.7742,2.7768
2023-12-18 05:00:00,3.038666666666667,3.192,3.2009999999999996,3.204
2023-12-18 05:15:00,3.18,3.192,3.2721333333333336,3.2752000000000003
2023-12-18 05:30:00,2.8266666666666667,3.1210666666666667,3.129866666666666,3.1328
2023-12-18 05:45:00,2.12,2.4117333333333333,2.418533333333333,2.4208000000000003
2023-12-18 06:00:00,2.2613333333333334,2.4117333333333333,2.489666666666666,2.492
2023-12-18 06:15:00,2.4026666666666667,2.7664000000000004,2.7742,2.7768
2023-12-18 06:30:00,3.1093333333333333,3.192,3.2009999999999996,3.204
2023-12-18 06:45:00,3.533333333333333,3.759466666666667,3.7700666666666662,3.7736
2023-12-18 07:00:00,4.028,4.185066666666667,4.196866666666666,4.2008
2023-12-18 07:15:00,4.169333333333333,4.256,4.268,4.272
2023-12-18 07:30:00,4.522666666666667,4.539733333333333,4.552533333333333,4.5568
2023-12-18 07:45:00,32.648,34.61546666666667,34.71306666666666,34.7456
2023-12-18 08:00:00,26.358666666666668,27.805866666666667,27.884266666666665,27.910400000000003
2023-12-18 08:15:00,14.981333333333334,16.101866666666666,16.147266666666667,16.1624
2023-12-18 08:30:00,8.338666666666667,8.795733333333335,8.820533333333334,8.828800000000001
2023-12-18 08:45:00,5.017333333333334,5.32,5.335,5.34
2023-12-18 09:00:00,4.028,4.185066666666667,4.196866666666666,4.2008
2023-12-18 09:15:00,3.18,3.4048000000000003,3.4144,3.4176
2023-12-18 09:30:00,3.18,3.2629333333333337,3.2721333333333336,3.2752000000000003
2023-12-18 09:45:00,3.3213333333333335,3.6176,3.6277999999999997,3.6312
2023-12-18 10:00:00,3.462666666666667,3.8304000000000005,3.8411999999999997,3.8448
2023-12-18 10:15:00,4.169333333333333,4.256,4.268,4.272
2023-12-18 10:30:00,3.957333333333333,4.185066666666667,4.196866666666666,4.2008
2023-12-18 10:45:00,4.522666666666667,4.6816,4.6948,4.6992
2023-12-18 11:00:00,5.4413333333333345,5.816533333333334,5.904066666666666,5.9096
2023-12-18 11:15:00,5.865333333333333,6.313066666666667,6.330866666666666,6.3368
2023-12-18 11:30:00,6.36,6.525866666666667,6.544266666666667,6.550400000000001
2023-12-18 11:45:00,6.501333333333334,6.880533333333334,6.899933333333333,6.9064000000000005
2023-12-18 12:00:00,6.501333333333334,7.164266666666667,7.184466666666666,7.2624
2023-12-18 12:15:00,6.713333333333333,7.306133333333333,7.326733333333332,7.3336
2023-12-18 12:30:00,6.501333333333334,7.093333333333334,7.113333333333333,7.120000000000001
2023-12-18 12:45:00,6.784000000000001,7.306133333333333,7.326733333333332,7.3336
2023-12-18 13:00:00,6.784000000000001,7.093333333333334,7.184466666666666,7.1912
2023-12-18 13:15:00,5.300000000000001,5.6037333333333335,5.619533333333333,5.6248000000000005
2023-12-18 13:30:00,4.310666666666666,4.823466666666667,4.837066666666666,4.841600000000001
2023-12-18 13:45:00,4.24,4.326933333333334,4.339133333333333,4.3432
2023-12-18 14:00:00,4.0986666666666665,4.256,4.268,4.272
2023-12-18 14:15:00,4.028,4.256,4.268,4.272
2023-12-18 14:30:00,4.0986666666666665,4.256,4.268,4.272
2023-12-18 14:45:00,3.8160000000000003,4.256,4.268,4.272
2023-12-18 15:00:00,4.0986666666666665,4.256,4.268,4.272
2023-12-18 15:15:00,3.533333333333333,4.185066666666667,4.196866666666666,4.2008
2023-12-18 15:30:00,3.7453333333333334,4.0432,4.0546,4.0584
2023-12-18 15:45:00,3.9371428571428564,4.180000000000001,4.1917857142857144,4.195714285714287
2023-12-18 16:00:00,3.462666666666667,4.114133333333333,4.125733333333333,4.1296
2023-12-18 16:15:00,3.250666666666667,3.5466666666666664,3.556666666666666,3.56
2023-12-18 16:30:00,3.3213333333333335,3.759466666666667,3.7700666666666662,3.8448
2023-12-18 16:45:00,3.18,3.6176,3.6277999999999997,3.6312
2023-12-18 17:00:00,3.18,3.3338666666666668,3.3432666666666666,3.3464
2023-12-18 17:15:00,3.18,3.4757333333333333,3.485533333333333,3.4888000000000003
2023-12-18 17:30:00,3.604,3.9722666666666666,3.9834666666666663,3.9871999999999996
2023-12-18 17:45:00,3.462666666666667,4.185066666666667,4.196866666666666,4.2008
2023-12-18 18:00:00,3.533333333333333,3.9722666666666666,3.9834666666666663,4.0584
2023-12-18 18:15:00,3.3213333333333335,3.9013333333333335,3.9123333333333328,3.916
2023-12-18 18:30:00,3.604,3.9722666666666666,3.9834666666666663,3.9871999999999996
2023-12-18 18:45:00,3.3920000000000003,3.8304000000000005,3.8411999999999997,3.8448
2023-12-18 19:00:00,3.18,3.5466666666666664,3.556666666666666,3.56
2023-12-18 19:15:00,3.3213333333333335,3.5466666666666664,3.556666666666666,3.56
2023-12-18 19:30:00,3.18,3.2629333333333337,3.2721333333333336,3.2752000000000003
2023-12-18 19:45:00,3.18,3.2629333333333337,3.2721333333333336,3.2752000000000003
2023-12-18 20:00:00,3.18,3.2629333333333337,3.2721333333333336,3.2752000000000003
2023-12-18 20:15:00,3.18,3.3338666666666668,3.3432666666666666,3.3464
2023-12-18 20:30:00,3.18,3.3338666666666668,3.3432666666666666,3.3464
2023-12-18 20:45:00,3.250666666666667,3.4757333333333333,3.485533333333333,3.4888000000000003
2023-12-18 21:00:00,3.18,3.192,3.2009999999999996,3.204
2023-12-18 21:15:00,3.18,3.192,3.2009999999999996,3.204
2023-12-18 21:30:00,3.18,3.192,3.2009999999999996,3.204
2023-12-18 21:45:00,3.18,3.192,3.2009999999999996,3.204
2023-12-18 22:00:00,3.18,3.192,3.2009999999999996,3.204
2023-12-18 22:15:00,2.8266666666666667,3.1210666666666667,3.129866666666666,3.1328
2023-12-18 22:30:00,2.614666666666667,3.192,3.2009999999999996,3.204
2023-12-18 22:45:00,2.4026666666666667,2.6245333333333334,2.6319333333333335,2.6344000000000003
2023-12-18 23:00:00,2.2613333333333334,2.6245333333333334,2.6319333333333335,2.6344000000000003
2023-12-18 23:15:00,2.12,2.2698666666666667,2.2762666666666664,2.2784
2023-12-18 23:30:00,2.12,2.1989333333333336,2.2051333333333334,2.2072000000000003
2023-12-18 23:45:00,2.12,2.128,2.134,2.136
2023-12-19 00:00:00,2.12,2.128,2.134,2.136
2023-12-19 00:15:00,2.12,2.128,2.134,2.136
2023-12-19 00:30:00,2.12,2.128,2.134,2.136
2023-12-19 00:45:00,2.12,2.128,2.134,2.136
2023-12-19 01:00:00,2.0493333333333332,2.128,2.134,2.136
2023-12-19 01:15:00,2.12,2.128,2.134,2.136
2023-12-19 01:30:00,2.12,2.128,2.134,2.136
2023-12-19 01:45:00,2.12,2.128,2.134,2.136
2023-12-19 02:00:00,2.12,2.128,2.134,2.136
2023-12-19 02:15:00,3.533333333333333,3.9013333333333335,3.9123333333333328,3.916
2023-12-19 02:30:00,5.017333333333334,5.178133333333333,5.192733333333333,5.1975999999999996
2023-12-19 02:45:00,5.088,5.32,5.335,5.34
2023-12-19 03:00:00,4.310666666666666,4.8944,4.908199999999999,4.984000000000001
2023-12-19 03:15:00,4.310666666666666,4.8944,4.908199999999999,4.9128
2023-12-19 03:30:00,4.593333333333333,5.1072,5.1216,5.1264
2023-12-19 03:45:00,4.664000000000001,5.1072,5.1216,5.1264
2023-12-19 04:00:00,4.24,4.8944,4.908199999999999,4.9128
2023-12-19 04:15:00,4.452000000000001,5.1072,5.1216,5.1264
2023-12-19 04:30:00,4.24,4.752533333333334,4.765933333333333,4.7704
2023-12-19 04:45:00,4.381333333333334,4.8944,4.908199999999999,4.9128
2023-12-19 05:00:00,5.017333333333334,5.32,5.335,5.34
2023-12-19 05:15:00,5.300000000000001,5.32,5.335,5.34
2023-12-19 05:30:00,5.300000000000001,5.461866666666667,5.477266666666667,5.482400000000001
2023-12-19 05:45:00,5.229333333333334,5.461866666666667,5.477266666666667,5.482400000000001
2023-12-19 06:00:00,5.4413333333333345,6.1712,6.188599999999999,6.1944
2023-12-19 06:15:00,5.5120000000000005,6.029333333333334,6.046333333333333,6.0520000000000005
2023-12-19 06:30:00,5.653333333333333,6.384,6.401999999999999,6.408
2023-12-19 06:45:00,6.077333333333334,6.313066666666667,6.330866666666666,6.3368
2023-12-19 07:00:00,5.582666666666666,5.816533333333334,5.904066666666666,5.9096
2023-12-19 07:15:00,4.169333333333333,4.468800000000001,4.552533333333333,4.5568
2023-12-19 07:30:00,3.250666666666667,3.4757333333333333,3.485533333333333,3.4888000000000003
2023-12-19 07:45:00,3.18,3.4757333333333333,3.485533333333333,3.4888000000000003
2023-12-19 08:00:00,72.22133333333335,76.74986666666668,77.10853333333333,77.1808
2023-12-19 08:15:00,127.48266666666669,135.3408,135.7224,135.9208
2023-12-19 08:30:00,52.57600000000001,55.7536,55.98193333333333,56.034400000000005
2023-12-19 08:45:00,22.684,24.046400000000002,24.1142,24.136800000000004
2023-12-19 09:00:00,10.670666666666667,11.349333333333334,11.381333333333332,11.392
2023-12-19 09:15:00,5.4413333333333345,5.816533333333334,5.832933333333333,5.8384
2023-12-19 09:30:00,3.250666666666667,3.4757333333333333,3.485533333333333,3.4888000000000003
2023-12-19 09:45:00,2.12,2.4117333333333333,2.418533333333333,2.4208000000000003
2023-12-19 10:00:00,2.12,2.128,2.134,2.136
2023-12-19 10:15:00,2.12,2.128,2.134,2.136
2023-12-19 10:30:00,2.12,2.128,2.134,2.136
2023-12-19 10:45:00,2.12,2.128,2.134,2.136
2023-12-19 11:00:00,2.12,2.128,2.134,2.136
2023-12-19 11:15:00,2.12,2.128,2.134,2.136
2023-12-19 11:30:00,2.12,2.128,2.134,2.136
2023-12-19 11:45:00,2.12,2.128,2.134,2.136
2023-12-19 12:00:00,2.12,2.128,2.134,2.136
2023-12-19 12:15:00,2.0493333333333332,2.128,2.134,2.136
2023-12-19 12:30:00,1.7666666666666668,1.9152000000000002,1.9205999999999999,1.9224
2023-12-19 12:45:00,1.2013333333333334,1.7024000000000001,1.7072,1.7088
2023-12-19 13:00:00,1.130666666666667,1.3477333333333334,1.3515333333333333,1.3528
2023-12-19 13:15:00,1.06,1.064,1.067,1.068
2023-12-19 13:30:00,1.06,1.064,1.067,1.068
2023-12-19 13:45:00,1.06,1.064,1.067,1.068
2023-12-19 14:00:00,1.06,1.064,1.067,1.068
2023-12-19 14:15:00,1.06,1.064,1.067,1.068
2023-12-19 14:30:00,1.06,1.064,1.067,1.068
2023-12-19 14:45:00,1.06,1.064,1.067,1.068
2023-12-19 15:00:00,1.06,1.064,1.067,1.068
2023-12-19 15:15:00,1.06,1.064,1.067,1.068
2023-12-19 15:30:00,1.06,1.064,1.067,1.068
2023-12-19 15:45:00,1.06,1.064,1.067,1.068
2023-12-19 16:00:00,1.06,1.064,1.067,1.068
2023-12-19 16:15:00,1.06,1.064,1.067,1.068
2023-12-19 16:30:00,1.06,1.064,1.067,1.068
2023-12-19 16:45:00,1.06,1.064,1.067,1.068
2023-12-19 17:00:00,1.06,1.064,1.067,1.068
2023-12-19 17:15:00,1.06,1.064,1.067,1.068
2023-12-19 17:30:00,1.06,1.064,1.067,1.068
2023-12-19 17:45:00,1.06,1.064,1.067,1.068
2023-12-19 18:00:00,1.06,1.064,1.067,1.068
2023-12-19 18:15:00,1.06,1.064,1.067,1.068
2023-12-19 18:30:00,1.06,1.064,1.067,1.068
2023-12-19 18:45:00,1.06,1.064,1.067,1.068
2023-12-19 19:00:00,1.06,1.064,1.067,1.068
2023-12-19 19:15:00,1.06,1.064,1.067,1.068
2023-12-19 19:30:00,1.06,1.064,1.067,1.068
2023-12-19 19:45:00,1.06,1.064,1.067,1.068
2023-12-19 20:00:00,1.06,1.064,1.067,1.068
2023-12-19 20:15:00,1.06,1.064,1.067,1.068
2023-12-19 20:30:00,1.06,1.064,1.067,1.068
2023-12-19 20:45:00,1.06,1.064,1.067,1.068
2023-12-19 21:00:00,1.06,1.064,1.067,1.068
2023-12-19 21:15:00,1.06,1.064,1.067,1.068
2023-12-19 21:30:00,1.06,1.064,1.067,1.068
2023-12-19 21:45:00,1.06,1.064,1.067,1.068
2023-12-19 22:00:00,1.06,1.064,1.067,1.068
2023-12-19 22:15:00,1.06,1.064,1.067,1.068
2023-12-19 22:30:00,1.06,1.064,1.067,1.068
2023-12-19 22:45:00,1.06,1.064,1.067,1.068
2023-12-19 23:00:00,1.06,1.064,1.067,1.068
2023-12-19 23:15:00,1.06,1.064,1.067,1.068
2023-12-19 23:30:00,1.06,1.064,1.067,1.068
2023-12-19 23:45:00,1.06,1.064,1.067,1.068
2023-12-20 00:00:00,1.06,1.064,1.067,1.068
2023-12-20 00:15:00,1.06,1.064,1.067,1.068
2023-12-20 00:30:00,1.06,1.064,1.067,1.068
2023-12-20 00:45:00,1.06,1.064,1.067,1.068
2023-12-20 01:00:00,1.06,1.064,1.067,1.068
2023-12-20 01:15:00,1.06,1.064,1.067,1.068
2023-12-20 01:30:00,1.06,1.064,1.067,1.068
2023-12-20 01:45:00,1.06,1.064,1.067,1.068
2023-12-20 02:00:00,1.06,1.064,1.067,1.068
2023-12-20 02:15:00,1.06,1.1349333333333336,1.1381333333333334,1.1392000000000002
2023-12-20 02:30:00,1.484,1.8442666666666667,1.8494666666666666,1.8512000000000002
2023-12-20 02:45:00,1.8373333333333335,1.9861333333333335,1.9917333333333334,1.9936
2023-12-20 03:00:00,2.12,2.1989333333333336,2.2051333333333334,2.2072000000000003
2023-12-20 03:15:00,2.6853333333333333,2.9792,2.9875999999999996,2.9904
2023-12-20 03:30:00,3.18,3.2629333333333337,3.2721333333333336,3.2752000000000003
2023-12-20 03:45:00,3.533333333333333,3.759466666666667,3.7700666666666662,3.7736
2023-12-20 04:00:00,3.250666666666667,3.2629333333333337,3.3432666666666666,3.3464
2023-12-20 04:15:00,2.3320000000000003,2.5536,2.5608,2.5632
2023-12-20 04:30:00,1.6253333333333335,1.8442666666666667,1.8494666666666666,1.8512000000000002
2023-12-20 04:45:00,1.06,1.2058666666666666,1.2092666666666665,1.2104000000000001
2023-12-20 05:00:00,1.06,1.064,1.067,1.068
2023-12-20 05:15:00,1.06,1.064,1.067,1.068
2023-12-20 05:30:00,1.06,1.064,1.067,1.068
2023-12-20 05:45:00,1.06,1.064,1.067,1.068
2023-12-20 06:00:00,1.06,1.064,1.067,1.068
2023-12-20 06:15:00,1.06,1.2058666666666666,1.2092666666666665,1.2104000000000001
2023-12-20 06:30:00,1.7666666666666668,1.8442666666666667,1.8494666666666666,1.8512000000000002
2023-12-20 06:45:00,2.2613333333333334,2.6245333333333334,2.6319333333333335,2.6344000000000003
2023-12-20 07:00:00,2.6853333333333333,2.9792,2.9875999999999996,2.9904
2023-12-20 07:15:00,3.250666666666667,3.4757333333333333,3.485533333333333,3.4888000000000003
2023-12-20 07:30:00,4.7346666666666675,4.8944,4.908199999999999,4.9128
2023-12-20 07:45:00,6.9959999999999996,7.306133333333333,7.326733333333332,7.3336
2023-12-20 08:00:00,10.176,10.64,10.67,10.68
2023-12-20 08:15:00,9.610666666666667,10.427200000000001,10.4566,10.537600000000001
2023-12-20 08:30:00,9.186666666666666,9.930666666666667,9.958666666666668,9.968000000000002
2023-12-20 08:45:00,7.844000000000001,8.370133333333333,8.393733333333332,8.472800000000001
2023-12-20 09:00:00,6.289333333333334,6.951466666666667,6.971066666666666,6.977600000000001
2023-12-20 09:15:00,5.158666666666666,5.6037333333333335,5.619533333333333,5.6248000000000005
2023-12-20 09:30:00,4.310666666666666,4.539733333333333,4.552533333333333,4.5568
2023-12-20 09:45:00,3.604,3.8304000000000005,3.8411999999999997,3.8448
2023-12-20 10:00:00,3.3213333333333335,3.6885333333333334,3.698933333333333,3.7024000000000004
2023-12-20 10:15:00,3.3213333333333335,3.4757333333333333,3.485533333333333,3.4888000000000003
2023-12-20 10:30:00,3.7453333333333334,4.256,4.268,4.272
2023-12-20 10:45:00,3.533333333333333,3.9013333333333335,3.9123333333333328,3.916
2023-12-20 11:00:00,3.18,3.192,3.2009999999999996,3.204
2023-12-20 11:15:00,3.18,3.192,3.2009999999999996,3.204
2023-12-20 11:30:00,3.18,3.192,3.2009999999999996,3.204
2023-12-20 11:45:00,3.1093333333333333,3.1210666666666667,3.129866666666666,3.1328
2023-12-20 12:00:00,2.544,2.6245333333333334,2.6319333333333335,2.6344000000000003
2023-12-20 12:15:00,2.12,2.128,2.134,2.136
2023-12-20 12:30:00,2.0493333333333332,2.128,2.134,2.136
2023-12-20 12:45:00,1.9786666666666668,2.128,2.134,2.136
2023-12-20 13:00:00,1.9080000000000001,2.0570666666666666,2.0628666666666664,2.0648
2023-12-20 13:15:00,1.130666666666667,1.2768,1.2804,1.2816
2023-12-20 13:30:00,1.06,1.064,1.067,1.068
2023-12-20 13:45:00,1.06,1.064,1.067,1.068
2023-12-20 14:00:00,1.06,1.064,1.067,1.068
2023-12-20 14:15:00,1.06,1.064,1.067,1.068
2023-12-20 14:30:00,1.06,1.064,1.067,1.068
2023-12-20 14:45:00,1.06,1.064,1.067,1.068
2023-12-20 15:00:00,1.06,1.064,1.067,1.068
2023-12-20 15:15:00,1.06,1.064,1.067,1.068
2023-12-20 15:30:00,1.06,1.1349333333333336,1.1381333333333334,1.1392000000000002
2023-12-20 15:45:00,1.130666666666667,1.4186666666666667,1.4226666666666665,1.424
2023-12-20 16:00:00,1.484,1.4896,1.4937999999999998,1.4952
2023-12-20 16:15:00,1.7666666666666668,1.9152000000000002,1.9205999999999999,1.9224
2023-12-20 16:30:00,1.9080000000000001,1.9861333333333335,1.9917333333333334,1.9936
2023-12-20 16:45:00,2.0493333333333332,2.128,2.134,2.136
2023-12-20 17:00:00,2.12,2.128,2.134,2.136
2023-12-20 17:15:00,1.8373333333333335,2.0570666666666666,2.0628666666666664,2.0648
2023-12-20 17:30:00,1.8373333333333335,2.0570666666666666,2.0628666666666664,2.0648
2023-12-20 17:45:00,1.4133333333333333,1.7733333333333334,1.7783333333333333,1.7800000000000002
2023-12-20 18:00:00,1.6253333333333335,2.128,2.134,2.136
2023-12-20 18:15:00,1.8373333333333335,2.0570666666666666,2.0628666666666664,2.0648
2023-12-20 18:30:00,1.272,1.6314666666666668,1.6360666666666668,1.6376000000000002
2023-12-20 18:45:00,1.4133333333333333,1.6314666666666668,1.6360666666666668,1.6376000000000002
2023-12-20 19:00:00,1.2013333333333334,1.4896,1.4937999999999998,1.4952
2023-12-20 19:15:00,1.272,1.6314666666666668,1.6360666666666668,1.6376000000000002
2023-12-20 19:30:00,1.06,1.3477333333333334,1.3515333333333333,1.3528
2023-12-20 19:45:00,1.130666666666667,1.2058666666666666,1.2092666666666665,1.2104000000000001
2023-12-20 20:00:00,1.06,1.2058666666666666,1.2092666666666665,1.2104000000000001
2023-12-20 20:15:00,1.06,1.064,1.067,1.068
2023-12-20 20:30:00,1.06,1.064,1.067,1.068
2023-12-20 20:45:00,1.06,1.064,1.067,1.068
2023-12-20 21:00:00,1.06,1.064,1.067,1.068
2023-12-20 21:15:00,,,,
2023-12-20 21:30:00,,,,
2023-12-20 21:45:00,,,,
2023-12-20 22:00:00,,,,
2023-12-20 22:15:00,,,,
2023-12-20 22:30:00,,,,
2023-12-20 22:45:00,,,,
2023-12-20 23:00:00,,,,
2023-12-20 23:15:00,,,,
2023-12-20 23:30:00,,,,
2023-12-20 23:45:00,,,,
2023-12-21 00:00:00,,,,
2023-12-21 00:15:00,,,,
2023-12-21 00:30:00,,,,
2023-12-21 00:45:00,,,,
2023-12-21 01:00:00,,,,
2023-12-21 01:15:00,,,,
2023-12-21 01:30:00,,,,
2023-12-21 01:45:00,,,,
2023-12-21 02:00:00,,,,
2023-12-21 02:15:00,,,,
2023-12-21 02:30:00,,,,
2023-12-21 02:45:00,,,,
2023-12-21 03:00:00,,,,
2023-12-21 03:15:00,,,,
2023-12-21 03:30:00,,,,
2023-12-21 03:45:00,,,,
2023-12-21 04:00:00,,,,
2023-12-21 04:15:00,,,,
2023-12-21 04:30:00,,,,
2023-12-21 04:45:00,,,,
2023-12-21 05:00:00,,,,
2023-12-21 05:15:00,,,,
2023-12-21 05:30:00,,,,
2023-12-21 05:45:00,,,,
2023-12-21 06:00:00,,,,
2023-12-21 06:15:00,,,,
2023-12-21 06:30:00,,,,
2023-12-21 06:45:00,,,,
2023-12-21 07:00:00,,,,
2023-12-21 07:15:00,,,,
2023-12-21 07:30:00,,,,
2023-12-21 07:45:00,,,,
2023-12-21 08:00:00,,,,
2023-12-21 08:15:00,,,,
2023-12-21 08:30:00,,,,
2023-12-21 08:45:00,,,,
2023-12-21 09:00:00,,,,
2023-12-21 09:15:00,,,,
2023-12-21 09:30:00,,,,
2023-12-21 09:45:00,,,,
2023-12-21 10:00:00,,,,
2023-12-21 10:15:00,,,,
2023-12-21 10:30:00,,,,
2023-12-21 10:45:00,,,,
2023-12-21 11:00:00,,,,
2023-12-21 11:15:00,,,,
2023-12-21 11:30:00,,,,
2023-12-21 11:45:00,,,,
2023-12-21 12:00:00,,,,
2023-12-21 12:15:00,,,,
2023-12-21 12:30:00,,,,
2023-12-21 12:45:00,,,,
2023-12-21 13:00:00,,,,
2023-12-21 13:15:00,,,,
2023-12-21 13:30:00,,,,
2023-12-21 13:45:00,,,,
2023-12-21 14:00:00,,,,
2023-12-21 14:15:00,,,,
2023-12-21 14:30:00,,,,
2023-12-21 14:45:00,,,,
2023-12-21 15:00:00,,,,
2023-12-21 15:15:00,,,,
2023-12-21 15:30:00,,,,
2023-12-21 15:45:00,,,,
2023-12-21 16:00:00,,,,
2023-12-21 16:15:00,,,,
2023-12-21 16:30:00,,,,
2023-12-21 16:45:00,,,,
2023-12-21 17:00:00,0.0,0.0,0.0,0.0
2023-12-21 17:15:00,0.0706666666666666,0.07093333333333326,0.07113333333333326,0.07119999999999993
2023-12-21 17:30:00,0.1413333333333333,0.2837333333333333,0.28453333333333325,0.28479999999999994
2023-12-21 17:45:00,0.636,0.8512000000000001,0.9247333333333333,0.9256000000000001
2023-12-21 18:00:00,0.5653333333333334,0.7093333333333334,0.7113333333333333,0.712
2023-12-21 18:15:00,0.42400000000000004,0.7802666666666667,0.7824666666666665,0.7832
2023-12-21 18:30:00,0.2826666666666666,0.42560000000000003,0.49793333333333334,0.4984
2023-12-21 18:45:00,0.0,0.0,0.0,0.0
2023-12-21 19:00:00,0.0,0.0,0.0,0.0
2023-12-21 19:15:00,0.0,0.0,0.0,0.0
2023-12-21 19:30:00,0.0,0.0,0.0,0.0
2023-12-21 19:45:00,0.0,0.0,0.0,0.0
2023-12-21 20:00:00,0.0,0.0,0.0,0.0
2023-12-21 20:15:00,0.0,0.0,0.0,0.0
2023-12-21 20:30:00,0.0,0.0,0.0,0.0
2023-12-21 20:45:00,0.0,0.0,0.0,0.0
2023-12-21 21:00:00,0.0,0.0,0.0,0.0
2023-12-21 21:15:00,0.0,0.0,0.0,0.0
2023-12-21 21:30:00,0.0,0.0,0.0,0.0
2023-12-21 21:45:00,0.0,0.0,0.0,0.0
2023-12-21 22:00:00,0.0,0.0,0.0,0.0
2023-12-21 22:15:00,0.0,0.0,0.0,0.0
2023-12-21 22:30:00,0.0,0.0,0.0,0.0
2023-12-21 22:45:00,0.0,0.0,0.0,0.0
2023-12-21 23:00:00,0.0,0.0,0.0,0.0
2023-12-21 23:15:00,0.0,0.0,0.0,0.0
2023-12-21 23:30:00,0.0,0.0,0.0,0.0
2023-12-21 23:45:00,0.0,0.0,0.0,0.0
2023-12-22 00:00:00,0.0706666666666666,0.2837333333333333,0.28453333333333325,0.28479999999999994
2023-12-22 00:15:00,0.1413333333333333,0.2837333333333333,0.28453333333333325,0.28479999999999994
2023-12-22 00:30:00,0.0,0.07093333333333326,0.07113333333333326,0.07119999999999993
2023-12-22 00:45:00,0.0706666666666666,0.14186666666666664,0.14226666666666662,0.14239999999999997
2023-12-22 01:00:00,0.0,0.0,0.0,0.0
2023-12-22 01:15:00,0.0,0.0,0.0,0.0
2023-12-22 01:30:00,0.0,0.0,0.0,0.0
2023-12-22 01:45:00,0.0,0.0,0.0,0.0
2023-12-22 02:00:00,0.0,0.0,0.0,0.0
2023-12-22 02:15:00,0.0,0.0,0.0,0.0
2023-12-22 02:30:00,0.0,0.0,0.0,0.0
2023-12-22 02:45:00,0.0,0.0,0.0,0.0
2023-12-22 03:00:00,0.0,0.0,0.0,0.0
2023-12-22 03:15:00,0.0,0.0,0.0,0.0
2023-12-22 03:30:00,0.0,0.0,0.0,0.0
2023-12-22 03:45:00,0.0,0.0,0.0,0.0
2023-12-22 04:00:00,0.0,0.0,0.0,0.0
2023-12-22 04:15:00,0.0,0.0,0.0,0.0
2023-12-22 04:30:00,0.2826666666666666,0.2837333333333333,0.28453333333333325,0.28479999999999994
2023-12-22 04:45:00,1.06,1.064,1.067,1.068
2023-12-22 05:00:00,1.06,1.064,1.067,1.068
2023-12-22 05:15:00,1.06,1.064,1.067,1.068
2023-12-22 05:30:00,2.2613333333333334,2.3408,2.3474,2.3496
2023-12-22 05:45:00,3.674666666666667,3.9722666666666666,4.0546,4.0584
2023-12-22 06:00:00,5.158666666666666,5.532800000000001,5.5484,5.5536
2023-12-22 06:15:00,5.370666666666667,5.887466666666667,5.975199999999999,5.9808
2023-12-22 06:30:00,6.36,6.738666666666667,6.899933333333333,6.977600000000001
2023-12-22 06:45:00,7.42,8.157333333333334,8.393733333333332,8.4016
2023-12-22 07:00:00,7.632000000000001,8.2992,8.464866666666666,8.472800000000001
2023-12-22 07:15:00,7.42,7.873600000000001,8.0025,8.01
2023-12-22 07:30:00,8.215,8.866666666666667,8.891666666666667,8.9
2023-12-22 07:45:00,9.328000000000001,10.072533333333336,10.100933333333336,10.110400000000002
2023-12-22 08:00:00,8.056,8.653866666666667,8.678266666666666,8.6864
2023-12-22 08:15:00,10.03466666666667,10.710933333333333,10.741133333333332,10.7512
2023-12-22 08:30:00,9.681333333333333,10.498133333333334,10.527733333333334,10.537600000000001
2023-12-22 08:45:00,13.002666666666668,13.832,13.870999999999999,13.884
2023-12-22 09:00:00,11.306666666666667,11.9168,11.950399999999998,11.9616
2023-12-22 09:15:00,8.056,8.2992,8.464866666666666,8.544
2023-12-22 09:30:00,6.784000000000001,7.164266666666667,7.184466666666666,7.1912
2023-12-22 09:45:00,6.9959999999999996,7.2352,7.255599999999999,7.2624
2023-12-22 10:00:00,5.088,5.532800000000001,5.5484,5.5536
2023-12-22 10:15:00,4.169333333333333,4.397866666666667,4.410266666666667,4.4144000000000005
2023-12-22 10:30:00,3.674666666666667,4.0432,4.0546,4.0584
2023-12-22 10:45:00,3.8160000000000003,4.0432,4.0546,4.0584
2023-12-22 11:00:00,3.1093333333333333,3.1210666666666667,3.129866666666666,3.1328
2023-12-22 11:15:00,2.2613333333333334,2.3408,2.3474,2.3496
2023-12-22 11:30:00,2.12,2.128,2.134,2.136
2023-12-22 11:45:00,2.12,2.128,2.134,2.136
2023-12-22 12:00:00,1.272,1.4896,1.4937999999999998,1.4952
2023-12-22 12:15:00,1.06,1.064,1.067,1.068
2023-12-22 12:30:00,1.130666666666667,1.2058666666666666,1.2092666666666665,1.2104000000000001
2023-12-22 12:45:00,1.2013333333333334,1.3477333333333334,1.3515333333333333,1.3528
2023-12-22 13:00:00,1.3426666666666667,1.8442666666666667,1.8494666666666666,1.8512000000000002
2023-12-22 13:15:00,1.06,1.064,1.067,1.068
2023-12-22 13:30:00,1.06,1.064,1.067,1.068
2023-12-22 13:45:00,1.06,1.064,1.067,1.068
2023-12-22 14:00:00,1.06,1.064,1.067,1.068
2023-12-22 14:15:00,1.06,1.064,1.067,1.068
2023-12-22 14:30:00,1.06,1.064,1.067,1.068
2023-12-22 14:45:00,1.06,1.064,1.067,1.068
2023-12-22 15:00:00,1.06,1.1349333333333336,1.1381333333333334,1.1392000000000002
2023-12-22 15:15:00,1.2013333333333334,1.4186666666666667,1.4226666666666665,1.424
2023-12-22 15:30:00,1.5546666666666666,1.8442666666666667,1.8494666666666666,1.8512000000000002
2023-12-22 15:45:00,1.7666666666666668,1.9861333333333335,1.9917333333333334,1.9936
2023-12-22 16:00:00,2.12,2.128,2.134,2.136
2023-12-22 16:15:00,2.12,2.128,2.134,2.136
2023-12-22 16:30:00,2.3320000000000003,2.4826666666666664,2.489666666666666,2.492
2023-12-22 16:45:00,2.614666666666667,2.908266666666667,2.9164666666666665,2.9904
2023-12-22 17:00:00,3.038666666666667,3.192,3.2009999999999996,3.204
2023-12-22 17:15:00,3.038666666666667,3.1210666666666667,3.129866666666666,3.1328
2023-12-22 17:30:00,2.6853333333333333,3.192,3.2009999999999996,3.204
2023-12-22 17:45:00,2.473333333333333,2.9792,2.9875999999999996,2.9904
2023-12-22 18:00:00,2.4026666666666667,3.0501333333333336,3.058733333333333,3.0616000000000003
2023-12-22 18:15:00,2.190666666666667,2.695466666666667,2.7030666666666665,2.7056
2023-12-22 18:30:00,2.190666666666667,2.4826666666666664,2.489666666666666,2.492
2023-12-22 18:45:00,2.190666666666667,2.695466666666667,2.7030666666666665,2.7768
2023-12-22 19:00:00,2.190666666666667,2.6245333333333334,2.6319333333333335,2.6344000000000003
2023-12-22 19:15:00,2.2613333333333334,2.695466666666667,2.7030666666666665,2.7056
2023-12-22 19:30:00,2.12,2.1989333333333336,2.2762666666666664,2.2784
2023-12-22 19:45:00,2.12,2.2698666666666667,2.2762666666666664,2.3496
2023-12-22 20:00:00,2.12,2.128,2.134,2.136
2023-12-22 20:15:00,2.12,2.128,2.134,2.136
2023-12-22 20:30:00,2.12,2.128,2.134,2.136
2023-12-22 20:45:00,2.12,2.128,2.134,2.136
2023-12-22 21:00:00,2.12,2.128,2.134,2.136
2023-12-22 21:15:00,2.12,2.128,2.134,2.136
2023-12-22 21:30:00,2.12,2.128,2.134,2.136
2023-12-22 21:45:00,2.0493333333333332,2.128,2.134,2.136
2023-12-22 22:00:00,2.0493333333333332,2.128,2.134,2.136
2023-12-22 22:15:00,2.0493333333333332,2.128,2.134,2.136
2023-12-22 22:30:00,1.8373333333333335,1.9152000000000002,1.9205999999999999,1.9224
2023-12-22 22:45:00,1.6253333333333335,1.9861333333333335,1.9917333333333334,1.9936
2023-12-22 23:00:00,1.5546666666666666,1.7733333333333334,1.7783333333333333,1.8512000000000002
2023-12-22 23:15:00,1.06,1.3477333333333334,1.4226666666666665,1.4952
2023-12-22 23:30:00,1.06,1.1349333333333336,1.1381333333333334,1.1392000000000002
2023-12-22 23:45:00,1.130666666666667,1.1349333333333336,1.1381333333333334,1.1392000000000002
2023-12-23 00:00:00,1.06,1.064,1.067,1.068
2023-12-23 00:15:00,1.06,1.064,1.067,1.068
2023-12-23 00:30:00,1.06,1.064,1.067,1.068
2023-12-23 00:45:00,1.06,1.064,1.067,1.068
2023-12-23 01:00:00,1.06,1.064,1.067,1.068
2023-12-23 01:15:00,1.06,1.3477333333333334,1.3515333333333333,1.3528
2023-12-23 01:30:00,1.2013333333333334,1.5605333333333333,1.564933333333333,1.5664
2023-12-23 01:45:00,1.5546666666666666,1.7733333333333334,1.7783333333333333,1.7800000000000002
2023-12-23 02:00:00,1.272,1.8442666666666667,1.8494666666666666,1.8512000000000002
2023-12-23 02:15:00,1.2013333333333334,1.4896,1.4937999999999998,1.4952
2023-12-23 02:30:00,1.130666666666667,1.2768,1.2804,1.2816
2023-12-23 02:45:00,1.06,1.1349333333333336,1.1381333333333334,1.1392000000000002
2023-12-23 03:00:00,1.06,1.064,1.067,1.068
2023-12-23 03:15:00,1.06,1.064,1.067,1.068
2023-12-23 03:30:00,1.06,1.064,1.067,1.068
2023-12-23 03:45:00,1.06,1.1349333333333336,1.1381333333333334,1.1392000000000002
2023-12-23 04:00:00,1.06,1.064,1.067,1.068
2023-12-23 04:15:00,1.3426666666666667,1.5605333333333333,1.564933333333333,1.5664
2023-12-23 04:30:00,1.8373333333333335,1.9861333333333335,1.9917333333333334,1.9936
2023-12-23 04:45:00,2.12,2.128,2.134,2.136
2023-12-23 05:00:00,2.190666666666667,2.4117333333333333,2.418533333333333,2.4208000000000003
2023-12-23 05:15:00,2.544,3.0501333333333336,3.058733333333333,3.0616000000000003
2023-12-23 05:30:00,2.7560000000000002,3.0501333333333336,3.058733333333333,3.1328
2023-12-23 05:45:00,2.7560000000000002,3.0501333333333336,3.058733333333333,3.0616000000000003
2023-12-23 06:00:00,2.4026666666666667,2.908266666666667,2.9164666666666665,2.9192
2023-12-23 06:15:00,2.190666666666667,2.5536,2.6319333333333335,2.6344000000000003
2023-12-23 06:30:00,2.190666666666667,2.695466666666667,2.7742,2.7768
2023-12-23 06:45:00,2.12,2.128,2.134,2.136
2023-12-23 07:00:00,2.12,2.128,2.134,2.136
2023-12-23 07:15:00,2.12,2.1989333333333336,2.2051333333333334,2.2072000000000003
2023-12-23 07:30:00,2.12,2.4117333333333333,2.418533333333333,2.4208000000000003
2023-12-23 07:45:00,2.12,2.2698666666666667,2.2762666666666664,2.2784
2023-12-23 08:00:00,2.12,2.128,2.134,2.136
2023-12-23 08:15:00,2.12,2.128,2.134,2.136
2023-12-23 08:30:00,2.12,2.128,2.134,2.136
2023-12-23 08:45:00,2.12,2.128,2.134,2.136
2023-12-23 09:00:00,1.9786666666666668,2.0570666666666666,2.0628666666666664,2.136
2023-12-23 09:15:00,1.7666666666666668,2.128,2.134,2.136
2023-12-23 09:30:00,1.9080000000000001,2.0570666666666666,2.0628666666666664,2.0648
2023-12-23 09:45:00,1.6960000000000002,1.9152000000000002,1.9205999999999999,1.9224
2023-12-23 10:00:00,1.6253333333333335,1.9861333333333335,1.9917333333333334,1.9936
2023-12-23 10:15:00,1.4133333333333333,1.7024000000000001,1.7072,1.7088
2023-12-23 10:30:00,1.272,1.7733333333333334,1.7783333333333333,1.7800000000000002
2023-12-23 10:45:00,1.272,1.4186666666666667,1.4226666666666665,1.424
2023-12-23 11:00:00,1.3426666666666667,1.4186666666666667,1.4226666666666665,1.424
2023-12-23 11:15:00,1.2013333333333334,1.4186666666666667,1.4226666666666665,1.424
2023-12-23 11:30:00,4.310666666666666,4.539733333333333,4.552533333333333,4.5568
2023-12-23 11:45:00,2.4026666666666667,2.4117333333333333,2.418533333333333,2.4208000000000003
2023-12-23 12:00:00,2.2613333333333334,2.2698666666666667,2.2762666666666664,2.2784
2023-12-23 12:15:00,1.484,1.7733333333333334,1.7783333333333333,1.7800000000000002
2023-12-23 12:30:00,1.2013333333333334,1.4186666666666667,1.4226666666666665,1.424
2023-12-23 12:45:00,1.2013333333333334,1.4896,1.4937999999999998,1.4952
2023-12-23 13:00:00,1.272,1.5605333333333333,1.564933333333333,1.5664
2023-12-23 13:15:00,1.2013333333333334,1.7733333333333334,1.7783333333333333,1.7800000000000002
2023-12-23 13:30:00,1.6253333333333335,1.9152000000000002,1.9205999999999999,1.9224
2023-12-23 13:45:00,2.0493333333333332,2.128,2.134,2.136
2023-12-23 14:00:00,2.12,2.3408,2.3474,2.3496
2023-12-23 14:15:00,2.8973333333333335,3.1210666666666667,3.129866666666666,3.1328
2023-12-23 14:30:00,3.18,3.192,3.2009999999999996,3.204
2023-12-23 14:45:00,3.18,3.4048000000000003,3.4144,3.4176
2023-12-23 15:00:00,3.604,4.114133333333333,4.125733333333333,4.2008
2023-12-23 15:15:00,4.169333333333333,4.397866666666667,4.4814,4.485600000000001
2023-12-23 15:30:00,4.452000000000001,5.036266666666667,5.263866666666667,5.268800000000001
2023-12-23 15:45:00,4.8759999999999994,5.249066666666667,5.263866666666667,5.34
2023-12-23 16:00:00,5.088,5.32,5.335,5.34
2023-12-23 16:15:00,5.229333333333334,5.390933333333334,5.406133333333333,5.4112
2023-12-23 16:30:00,5.300000000000001,5.32,5.406133333333333,5.4112
2023-12-23 16:45:00,5.370666666666667,5.7456000000000005,5.832933333333333,5.9096
2023-12-23 17:00:00,5.936,6.384,6.401999999999999,6.550400000000001
2023-12-23 17:15:00,6.713333333333333,7.164266666666667,7.184466666666666,7.3336
2023-12-23 17:30:00,7.349333333333334,8.0864,8.1092,8.1168
2023-12-23 17:45:00,7.349333333333334,7.944533333333334,8.038066666666666,8.0456
2023-12-23 18:00:00,7.632000000000001,8.228266666666666,8.607133333333334,8.6152
2023-12-23 18:15:00,7.632000000000001,8.2992,8.3226,8.4016
2023-12-23 18:30:00,7.137333333333334,7.660800000000001,7.6823999999999995,7.760800000000001
2023-12-23 18:45:00,6.9959999999999996,7.448,7.468999999999999,7.476000000000001
2023-12-23 19:00:00,6.713333333333333,7.518933333333334,7.5401333333333325,7.5472
2023-12-23 19:15:00,6.572000000000001,7.448,7.468999999999999,7.476000000000001
2023-12-23 19:30:00,6.784000000000001,7.377066666666667,7.397866666666666,7.404800000000001
2023-12-23 19:45:00,6.501333333333334,7.306133333333333,7.326733333333332,7.3336
2023-12-23 20:00:00,6.572000000000001,6.951466666666667,7.113333333333333,7.2624
2023-12-23 20:15:00,6.501333333333334,6.951466666666667,6.971066666666666,6.977600000000001
2023-12-23 20:30:00,6.36,6.596800000000001,6.8288,6.977600000000001
2023-12-23 20:45:00,6.289333333333334,6.454933333333334,6.6154,6.621600000000001
2023-12-23 21:00:00,5.794666666666667,6.384,6.401999999999999,6.408
2023-12-23 21:15:00,5.582666666666666,6.242133333333333,6.259733333333332,6.2656
2023-12-23 21:30:00,5.370666666666667,5.6037333333333335,5.904066666666666,5.9096
2023-12-23 21:45:00,5.300000000000001,5.532800000000001,5.5484,5.5536
2023-12-23 22:00:00,4.7346666666666675,5.32,5.335,5.34
2023-12-23 22:15:00,4.8053333333333335,5.1072,5.1216,5.1264
2023-12-23 22:30:00,4.310666666666666,4.397866666666667,4.552533333333333,4.628
2023-12-23 22:45:00,4.24,4.256,4.268,4.272
2023-12-23 23:00:00,3.8160000000000003,4.114133333333333,4.196866666666666,4.2008
2023-12-23 23:15:00,3.18,3.9722666666666666,3.9834666666666663,4.0584
2023-12-23 23:30:00,3.18,3.3338666666666668,3.3432666666666666,3.4176
2023-12-23 23:45:00,3.18,3.2629333333333337,3.2721333333333336,3.2752000000000003
2023-12-24 00:00:00,3.18,3.192,3.2009999999999996,3.204
2023-12-24 00:15:00,2.968,3.1210666666666667,3.129866666666666,3.1328
2023-12-24 00:30:00,2.968,3.1210666666666667,3.129866666666666,3.1328
2023-12-24 00:45:00,3.1093333333333333,3.192,3.2009999999999996,3.204
2023-12-24 01:00:00,2.7560000000000002,3.1210666666666667,3.129866666666666,3.1328
2023-12-24 01:15:00,2.7560000000000002,3.1210666666666667,3.129866666666666,3.1328
2023-12-24 01:30:00,2.8973333333333335,3.0501333333333336,3.2009999999999996,3.204
2023-12-24 01:45:00,2.968,3.192,3.2009999999999996,3.204
2023-12-24 02:00:00,3.038666666666667,3.192,3.2009999999999996,3.204
2023-12-24 02:15:00,2.968,3.192,3.2009999999999996,3.204
2023-12-24 02:30:00,3.1093333333333333,3.192,3.2009999999999996,3.204
2023-12-24 02:45:00,3.18,3.192,3.2009999999999996,3.204
2023-12-24 03:00:00,3.18,3.192,3.2009999999999996,3.204
2023-12-24 03:15:00,3.18,3.192,3.2009999999999996,3.204
2023-12-24 03:30:00,3.1093333333333333,3.2629333333333337,3.2721333333333336,3.2752000000000003
2023-12-24 03:45:00,3.18,3.192,3.2009999999999996,3.204
2023-12-24 04:00:00,3.18,3.192,3.2009999999999996,3.204
2023-12-24 04:15:00,3.18,3.2629333333333337,3.2721333333333336,3.2752000000000003
2023-12-24 04:30:00,3.3920000000000003,3.759466666666667,3.7700666666666662,3.8448
2023-12-24 04:45:00,4.028,4.256,4.268,4.272
2023-12-24 05:00:00,4.522666666666667,4.8944,4.908199999999999,4.9128
2023-12-24 05:15:00,5.088,5.249066666666667,5.406133333333333,5.4112
2023-12-24 05:30:00,5.158666666666666,5.32,5.335,5.34
2023-12-24 05:45:00,5.158666666666666,5.32,5.335,5.34
2023-12-24 06:00:00,5.229333333333334,5.32,5.335,5.34
2023-12-24 06:15:00,5.300000000000001,5.32,5.406133333333333,5.4112
2023-12-24 06:30:00,5.088,5.249066666666667,5.335,5.34
2023-12-24 06:45:00,5.300000000000001,5.390933333333334,5.406133333333333,5.482400000000001
2023-12-24 07:00:00,5.300000000000001,5.461866666666667,5.619533333333333,5.6248000000000005
2023-12-24 07:15:00,5.370666666666667,5.816533333333334,5.832933333333333,5.8384
2023-12-24 07:30:00,5.4413333333333345,5.887466666666667,5.975199999999999,6.0520000000000005
2023-12-24 07:45:00,5.370666666666667,6.242133333333333,6.330866666666666,6.3368
2023-12-24 08:00:00,5.582666666666666,6.313066666666667,6.330866666666666,6.3368
2023-12-24 08:15:00,5.300000000000001,6.029333333333334,6.188599999999999,6.1944
2023-12-24 08:30:00,5.300000000000001,5.887466666666667,5.904066666666666,5.9808
2023-12-24 08:45:00,5.370666666666667,5.816533333333334,5.832933333333333,5.8384
2023-12-24 09:00:00,5.300000000000001,6.100266666666667,6.117466666666666,6.123200000000001
2023-12-24 09:15:00,5.582666666666666,6.242133333333333,6.330866666666666,6.3368
2023-12-24 09:30:00,6.218666666666667,6.384,6.401999999999999,6.408
2023-12-24 09:45:00,6.218666666666667,6.384,6.473133333333333,6.621600000000001
2023-12-24 10:00:00,6.572000000000001,7.164266666666667,7.184466666666666,7.1912
2023-12-24 10:15:00,6.9959999999999996,7.518933333333334,7.5401333333333325,7.5472
2023-12-24 10:30:00,7.561333333333335,8.228266666666666,8.393733333333332,8.4016
2023-12-24 10:45:00,7.985333333333333,8.512,8.536,8.544
2023-12-24 11:00:00,7.914666666666667,8.441066666666668,8.464866666666666,8.472800000000001
2023-12-24 11:15:00,7.914666666666667,8.441066666666668,8.536,8.544
2023-12-24 11:30:00,7.349333333333334,7.873600000000001,7.8958,7.903200000000001
2023-12-24 11:45:00,7.349333333333334,7.518933333333334,7.6823999999999995,7.6896
2023-12-24 12:00:00,6.642666666666667,7.2352,7.255599999999999,7.2624
2023-12-24 12:15:00,6.501333333333334,7.0224,7.184466666666666,7.2624
2023-12-24 12:30:00,6.289333333333334,6.6677333333333335,6.686533333333333,6.6928
2023-12-24 12:45:00,5.865333333333333,6.384,6.473133333333333,6.4792000000000005
2023-12-24 13:00:00,5.582666666666666,6.029333333333334,6.117466666666666,6.123200000000001
2023-12-24 13:15:00,5.300000000000001,5.7456000000000005,5.7618,5.767200000000001
2023-12-24 13:30:00,5.300000000000001,5.32,5.406133333333333,5.4112
2023-12-24 13:45:00,5.088,5.32,5.335,5.34
2023-12-24 14:00:00,4.593333333333333,5.249066666666667,5.263866666666667,5.268800000000001
2023-12-24 14:15:00,4.310666666666666,5.036266666666667,5.1216,5.1264
2023-12-24 14:30:00,4.522666666666667,5.249066666666667,5.263866666666667,5.268800000000001
2023-12-24 14:45:00,4.593333333333333,5.178133333333333,5.192733333333333,5.1975999999999996
2023-12-24 15:00:00,4.381333333333334,4.965333333333334,4.979333333333334,4.984000000000001
2023-12-24 15:15:00,4.664000000000001,5.249066666666667,5.335,5.34
2023-12-24 15:30:00,4.664000000000001,5.1072,5.1216,5.1264
2023-12-24 15:45:00,4.452000000000001,4.965333333333334,4.979333333333334,4.984000000000001
2023-12-24 16:00:00,4.381333333333334,4.8944,4.979333333333334,4.984000000000001
2023-12-24 16:15:00,4.24,4.397866666666667,4.4814,4.485600000000001
2023-12-24 16:30:00,4.24,4.397866666666667,4.410266666666667,4.4144000000000005
2023-12-24 16:45:00,4.169333333333333,4.256,4.268,4.272
2023-12-24 17:00:00,4.028,4.256,4.268,4.272
2023-12-24 17:15:00,3.604,4.0432,4.0546,4.0584
2023-12-24 17:30:00,3.3213333333333335,4.0432,4.0546,4.0584
2023-12-24 17:45:00,3.18,3.759466666666667,3.7700666666666662,3.7736
2023-12-24 18:00:00,3.462666666666667,3.759466666666667,3.7700666666666662,3.7736
2023-12-24 18:15:00,3.18,3.4048000000000003,3.4144,3.4176
2023-12-24 18:30:00,3.18,3.2629333333333337,3.2721333333333336,3.2752000000000003
2023-12-24 18:45:00,3.18,3.2629333333333337,3.2721333333333336,3.2752000000000003
2023-12-24 19:00:00,3.18,3.192,3.2009999999999996,3.204
2023-12-24 19:15:00,3.18,3.192,3.2009999999999996,3.204
2023-12-24 19:30:00,3.18,3.192,3.2009999999999996,3.204
2023-12-24 19:45:00,3.18,3.2629333333333337,3.2721333333333336,3.2752000000000003
2023-12-24 20:00:00,3.250666666666667,3.3338666666666668,3.3432666666666666,3.3464
2023-12-24 20:15:00,3.18,3.3338666666666668,3.3432666666666666,3.3464
2023-12-24 20:30:00,3.18,3.4048000000000003,3.4144,3.4176
2023-12-24 20:45:00,3.250666666666667,3.5466666666666664,3.556666666666666,3.7024000000000004
2023-12-24 21:00:00,3.18,3.6885333333333334,3.698933333333333,3.7024000000000004
2023-12-24 21:15:00,3.250666666666667,3.6885333333333334,3.698933333333333,3.7024000000000004
2023-12-24 21:30:00,3.3213333333333335,3.6885333333333334,3.698933333333333,3.7024000000000004
2023-12-24 21:45:00,3.604,3.9013333333333335,3.9123333333333328,3.916
2023-12-24 22:00:00,3.533333333333333,4.0432,4.0546,4.0584
2023-12-24 22:15:00,3.604,3.9013333333333335,3.9123333333333328,3.9871999999999996
2023-12-24 22:30:00,3.3920000000000003,4.0432,4.0546,4.0584
2023-12-24 22:45:00,3.462666666666667,4.114133333333333,4.125733333333333,4.1296
2023-12-24 23:00:00,3.604,4.0432,4.0546,4.0584
2023-12-24 23:15:00,3.462666666666667,3.6885333333333334,3.698933333333333,3.7024000000000004
2023-12-24 23:30:00,3.3213333333333335,3.5466666666666664,3.556666666666666,3.56
2023-12-24 23:45:00,3.3213333333333335,3.5466666666666664,3.556666666666666,3.56
2023-12-25 00:00:00,3.250666666666667,3.6176,3.6277999999999997,3.6312
2023-12-25 00:15:00,3.604,3.9013333333333335,3.9123333333333328,3.916
2023-12-25 00:30:00,3.18,3.759466666666667,3.7700666666666662,3.7736
2023-12-25 00:45:00,3.3213333333333335,3.759466666666667,3.7700666666666662,3.8448
2023-12-25 01:00:00,3.462666666666667,3.8304000000000005,3.8411999999999997,3.916
2023-12-25 01:15:00,3.3920000000000003,3.9722666666666666,3.9834666666666663,3.9871999999999996
2023-12-25 01:30:00,3.462666666666667,4.185066666666667,4.196866666666666,4.2008
2023-12-25 01:45:00,3.674666666666667,4.256,4.268,4.272
2023-12-25 02:00:00,5.653333333333333,6.242133333333333,6.401999999999999,6.4792000000000005
2023-12-25 02:15:00,9.045333333333334,10.072533333333336,10.598866666666666,10.8936
2023-12-25 02:30:00,7.632000000000001,8.937600000000002,9.531866666666666,9.968000000000002
2023-12-25 02:45:00,7.278666666666666,8.441066666666668,9.247333333333332,9.469600000000002
2023-12-25 03:00:00,7.137333333333334,8.441066666666668,9.1762,9.469600000000002
2023-12-25 03:15:00,6.925333333333334,8.0864,8.9628,9.256
2023-12-25 03:30:00,7.278666666666666,8.582933333333333,9.1762,9.5408
2023-12-25 03:45:00,7.42,8.653866666666667,9.460733333333334,9.968000000000002
2023-12-25 04:00:00,7.632000000000001,9.292266666666666,10.2432,10.6088
2023-12-25 04:15:00,7.632000000000001,9.292266666666666,10.314333333333332,10.8224
2023-12-25 04:30:00,7.42,8.937600000000002,9.745266666666666,10.395199999999999
2023-12-25 04:45:00,7.632000000000001,9.434133333333333,10.314333333333332,10.68
2023-12-25 05:00:00,7.773333333333333,9.434133333333333,10.385466666666666,10.68
2023-12-25 05:15:00,7.773333333333333,9.576,10.172066666666664,10.6088
2023-12-25 05:30:00,8.48,9.930666666666667,10.812266666666666,11.3208
2023-12-25 05:45:00,8.409333333333334,9.930666666666667,10.812266666666666,11.392
2023-12-25 06:00:00,8.409333333333334,10.2144,11.452466666666664,11.748000000000001
2023-12-25 06:15:00,8.056,9.7888,10.527733333333334,10.8936
2023-12-25 06:30:00,7.490666666666667,9.292266666666666,10.385466666666666,10.68
2023-12-25 06:45:00,7.42,9.008533333333334,10.100933333333336,10.537600000000001
2023-12-25 07:00:00,7.632000000000001,9.434133333333333,10.385466666666666,10.8936
2023-12-25 07:15:00,8.197333333333335,9.859733333333335,10.67,11.178400000000003
2023-12-25 07:30:00,8.48,10.072533333333336,11.167933333333334,11.748000000000001
2023-12-25 07:45:00,8.974666666666668,11.065600000000002,12.234933333333334,12.6736
2023-12-25 08:00:00,9.822666666666668,11.9168,13.2308,13.884
2023-12-25 08:15:00,12.72,14.541333333333334,15.649333333333331,16.2336
2023-12-25 08:30:00,13.497333333333334,15.250666666666667,16.289533333333335,16.8032
2023-12-25 08:45:00,11.024000000000001,13.193600000000002,14.582333333333333,14.952000000000002
2023-12-25 09:00:00,9.893333333333334,12.697066666666668,14.2978,15.236800000000002
2023-12-25 09:15:00,10.741333333333333,13.4064,15.009133333333333,15.806400000000002
2023-12-25 09:30:00,12.084000000000001,14.257600000000002,15.507066666666663,16.447200000000002
2023-12-25 09:45:00,13.21466666666667,15.605333333333334,17.14313333333333,17.586399999999998
2023-12-25 10:00:00,12.084000000000001,15.179733333333335,17.000866666666667,18.0136
2023-12-25 10:15:00,11.518666666666668,14.825066666666668,16.92973333333333,17.942400000000003
2023-12-25 10:30:00,10.600000000000001,14.612266666666667,17.427666666666664,18.868000000000002
2023-12-25 10:45:00,10.388000000000002,14.683200000000001,17.854466666666667,19.295199999999998
2023-12-25 11:00:00,10.105333333333332,14.328533333333336,17.35653333333333,18.868000000000002
2023-12-25 11:15:00,9.751999999999999,13.548266666666667,16.07613333333333,17.3016
2023-12-25 11:30:00,9.328000000000001,12.909866666666668,15.080266666666665,16.1624
2023-12-25 11:45:00,9.186666666666666,12.3424,14.866866666666667,16.02
2023-12-25 12:00:00,8.762666666666668,11.633066666666668,13.6576,14.6672
2023-12-25 12:15:00,9.045333333333334,11.704,13.728733333333333,14.5248
2023-12-25 12:30:00,8.621333333333332,10.781866666666668,12.448333333333332,13.172
2023-12-25 12:45:00,7.349333333333334,9.079466666666667,10.172066666666664,10.8224
2023-12-25 13:00:00,6.572000000000001,7.944533333333334,8.820533333333334,9.1136
2023-12-25 13:15:00,4.664000000000001,5.816533333333334,6.6154,6.764
2023-12-25 13:30:00,4.0986666666666665,4.823466666666667,5.477266666666667,5.767200000000001
2023-12-25 13:45:00,3.604,4.468800000000001,4.979333333333334,5.1264
2023-12-25 14:00:00,3.250666666666667,4.326933333333334,4.4814,4.9128
2023-12-25 14:15:00,3.250666666666667,4.326933333333334,4.623666666666666,5.1975999999999996
2023-12-25 14:30:00,3.250666666666667,4.256,4.410266666666667,4.841600000000001
2023-12-25 14:45:00,3.18,4.256,4.623666666666666,4.984000000000001
2023-12-25 15:00:00,3.250666666666667,4.256,4.623666666666666,4.841600000000001
2023-12-25 15:15:00,3.8160000000000003,4.610666666666667,5.1216,5.482400000000001
2023-12-25 15:30:00,3.8160000000000003,4.539733333333333,5.263866666666667,5.34
2023-12-25 15:45:00,3.957333333333333,4.468800000000001,5.192733333333333,5.1975999999999996
2023-12-25 16:00:00,4.028,4.539733333333333,5.263866666666667,5.34
2023-12-25 16:15:00,4.169333333333333,4.752533333333334,5.192733333333333,5.268800000000001
2023-12-25 16:30:00,4.169333333333333,4.610666666666667,5.335,5.482400000000001
2023-12-25 16:45:00,4.0986666666666665,4.610666666666667,5.263866666666667,5.268800000000001
2023-12-25 17:00:00,4.0986666666666665,4.6816,5.1216,5.1975999999999996
2023-12-25 17:15:00,4.24,4.8944,5.263866666666667,5.4112
2023-12-25 17:30:00,4.24,4.610666666666667,5.263866666666667,5.268800000000001
2023-12-25 17:45:00,4.0986666666666665,4.8944,5.192733333333333,5.1975999999999996
2023-12-25 18:00:00,4.24,4.468800000000001,5.263866666666667,5.34
2023-12-25 18:15:00,4.169333333333333,4.326933333333334,4.979333333333334,5.268800000000001
2023-12-25 18:30:00,3.8160000000000003,4.256,4.552533333333333,4.9128
2023-12-25 18:45:00,3.482857142857143,4.180000000000001,4.268,4.272
2023-12-25 19:00:00,3.18,3.5466666666666664,3.9834666666666663,4.0584
2023-12-25 19:15:00,3.18,3.4757333333333333,3.8411999999999997,3.916
2023-12-25 19:30:00,3.18,3.2629333333333337,3.4144,3.4888000000000003
2023-12-25 19:45:00,2.968,3.192,3.2009999999999996,3.204
2023-12-25 20:00:00,3.1093333333333333,3.192,3.2009999999999996,3.204
2023-12-25 20:15:00,2.968,3.1210666666666667,3.2009999999999996,3.204
2023-12-25 20:30:00,2.8973333333333335,3.192,3.2009999999999996,3.204
2023-12-25 20:45:00,2.8973333333333335,3.1210666666666667,3.129866666666666,3.1328
2023-12-25 21:00:00,2.544,2.9792,2.9875999999999996,2.9904
2023-12-25 21:15:00,2.473333333333333,2.9792,3.058733333333333,3.0616000000000003
2023-12-25 21:30:00,2.4026666666666667,2.908266666666667,2.9164666666666665,3.0616000000000003
2023-12-25 21:45:00,2.3320000000000003,2.5536,2.5608,2.5632
2023-12-25 22:00:00,2.4026666666666667,2.695466666666667,2.7030666666666665,2.7056
2023-12-25 22:15:00,2.3320000000000003,2.8373333333333335,2.845333333333333,2.848
2023-12-25 22:30:00,2.12,2.128,2.2051333333333334,2.2784
2023-12-25 22:45:00,2.12,2.4117333333333333,2.418533333333333,2.4208000000000003
2023-12-25 23:00:00,2.190666666666667,2.4117333333333333,2.418533333333333,2.4208000000000003
2023-12-25 23:15:00,2.3320000000000003,2.695466666666667,2.7030666666666665,2.7056
2023-12-25 23:30:00,2.2613333333333334,2.695466666666667,2.7742,2.7768
2023-12-25 23:45:00,2.3320000000000003,2.8373333333333335,2.845333333333333,2.848
2023-12-26 00:00:00,2.473333333333333,2.9792,3.058733333333333,3.0616000000000003
2023-12-26 00:15:00,2.190666666666667,2.908266666666667,2.9164666666666665,2.9904
2023-12-26 00:30:00,2.12,2.5536,2.6319333333333335,2.6344000000000003
2023-12-26 00:45:00,2.12,2.2698666666666667,2.2762666666666664,2.3496
2023-12-26 01:00:00,2.12,2.128,2.134,2.136
2023-12-26 01:15:00,2.12,2.128,2.134,2.136
2023-12-26 01:30:00,1.9786666666666668,2.128,2.134,2.136
2023-12-26 01:45:00,1.5546666666666666,1.5605333333333333,1.564933333333333,1.5664
2023-12-26 02:00:00,1.7666666666666668,2.1989333333333336,2.418533333333333,2.492
2023-12-26 02:15:00,2.7560000000000002,6.242133333333333,8.891666666666667,10.039200000000001
2023-12-26 02:30:00,1.6253333333333335,2.4117333333333333,3.2009999999999996,3.4888000000000003
2023-12-26 02:45:00,1.06,1.1349333333333336,1.1381333333333334,1.3528
2023-12-26 03:00:00,1.06,1.064,1.067,1.068
2023-12-26 03:15:00,1.06,1.064,1.067,1.068
2023-12-26 03:30:00,1.06,1.064,1.067,1.068
2023-12-26 03:45:00,1.2013333333333334,1.2768,1.2804,1.2816
2023-12-26 04:00:00,1.5546666666666666,2.0570666666666666,2.0628666666666664,2.0648
2023-12-26 04:15:00,1.8373333333333335,1.9152000000000002,1.9205999999999999,1.9224
2023-12-26 04:30:00,2.12,2.128,2.134,2.136
2023-12-26 04:45:00,1.9786666666666668,2.128,2.134,2.136
2023-12-26 05:00:00,2.12,2.128,2.134,2.136
2023-12-26 05:15:00,2.12,2.128,2.134,2.136
2023-12-26 05:30:00,2.0493333333333332,2.128,2.134,2.136
2023-12-26 05:45:00,2.12,2.3408,2.3474,2.3496
2023-12-26 06:00:00,2.12,2.4117333333333333,2.418533333333333,2.4208000000000003
2023-12-26 06:15:00,2.190666666666667,2.7664000000000004,2.7742,2.7768
2023-12-26 06:30:00,2.7560000000000002,3.192,3.2009999999999996,3.204
2023-12-26 06:45:00,14.557333333333332,15.392533333333336,15.435933333333335,15.450400000000004
2023-12-26 07:00:00,7.490666666666667,7.873600000000001,7.8958,7.903200000000001
2023-12-26 07:15:00,7.7026666666666666,8.157333333333334,8.180333333333333,8.188
2023-12-26 07:30:00,5.370666666666667,5.7456000000000005,5.7618,5.767200000000001
2023-12-26 07:45:00,3.533333333333333,3.6176,3.6277999999999997,3.6312
2023-12-26 08:00:00,3.18,3.192,3.2009999999999996,3.204
2023-12-26 08:15:00,2.7560000000000002,3.192,3.2009999999999996,3.204
2023-12-26 08:30:00,3.18,3.192,3.2009999999999996,3.204
2023-12-26 08:45:00,3.038666666666667,3.192,3.2009999999999996,3.204
2023-12-26 09:00:00,3.18,3.192,3.2009999999999996,3.204
2023-12-26 09:15:00,3.18,3.5466666666666664,3.556666666666666,3.56
2023-12-26 09:30:00,3.18,3.4048000000000003,3.4144,3.4176
2023-12-26 09:45:00,3.18,3.4757333333333333,3.485533333333333,3.4888000000000003
2023-12-26 10:00:00,3.18,3.192,3.2009999999999996,3.204
2023-12-26 10:15:00,3.1093333333333333,3.192,3.2009999999999996,3.204
2023-12-26 10:30:00,3.18,3.192,3.2009999999999996,3.204
2023-12-26 10:45:00,2.7560000000000002,3.1210666666666667,3.129866666666666,3.1328
2023-12-26 11:00:00,2.7560000000000002,2.8373333333333335,2.845333333333333,2.848
2023-12-26 11:15:00,2.3320000000000003,2.6245333333333334,2.6319333333333335,2.6344000000000003
2023-12-26 11:30:00,2.12,2.128,2.134,2.136
2023-12-26 11:45:00,2.12,2.128,2.134,2.136
2023-12-26 12:00:00,2.12,2.128,2.134,2.136
2023-12-26 12:15:00,2.0493333333333332,2.128,2.134,2.136
2023-12-26 12:30:00,2.12,2.128,2.134,2.136
2023-12-26 12:45:00,2.12,2.1989333333333336,2.2051333333333334,2.2072000000000003
2023-12-26 13:00:00,2.12,2.128,2.134,2.136
2023-12-26 13:15:00,1.8373333333333335,2.128,2.134,2.136
2023-12-26 13:30:00,1.8373333333333335,1.9861333333333335,1.9917333333333334,1.9936
2023-12-26 13:45:00,1.8373333333333335,1.9861333333333335,1.9917333333333334,1.9936
2023-12-26 14:00:00,1.9786666666666668,2.0570666666666666,2.0628666666666664,2.0648
2023-12-26 14:15:00,2.12,2.128,2.134,2.136
2023-12-26 14:30:00,2.12,2.128,2.134,2.136
2023-12-26 14:45:00,2.12,2.128,2.134,2.136
2023-12-26 15:00:00,2.12,2.128,2.134,2.136
2023-12-26 15:15:00,2.12,2.128,2.134,2.136
2023-12-26 15:30:00,2.12,2.128,2.134,2.136
2023-12-26 15:45:00,2.0493333333333332,2.128,2.134,2.136
2023-12-26 16:00:00,2.12,2.128,2.134,2.136
2023-12-26 16:15:00,1.9786666666666668,2.0570666666666666,2.0628666666666664,2.0648
2023-12-26 16:30:00,1.7666666666666668,1.9861333333333335,1.9917333333333334,1.9936
2023-12-26 16:45:00,1.6253333333333335,1.8442666666666667,1.8494666666666666,1.8512000000000002
2023-12-26 17:00:00,1.6253333333333335,1.9152000000000002,1.9205999999999999,1.9224
2023-12-26 17:15:00,1.2013333333333334,1.5605333333333333,1.564933333333333,1.5664
2023-12-26 17:30:00,1.484,1.5605333333333333,1.564933333333333,1.5664
2023-12-26 17:45:00,1.272,1.4896,1.4937999999999998,1.4952
2023-12-26 18:00:00,1.2013333333333334,1.6314666666666668,1.6360666666666668,1.6376000000000002
2023-12-26 18:15:00,2.0493333333333332,2.0570666666666666,2.0628666666666664,2.0648
2023-12-26 18:30:00,2.12,2.128,2.134,2.136
2023-12-26 18:45:00,1.4133333333333333,1.7733333333333334,1.7783333333333333,1.7800000000000002
2023-12-26 19:00:00,1.130666666666667,1.2768,1.2804,1.2816
2023-12-26 19:15:00,1.130666666666667,1.2768,1.2804,1.2816
2023-12-26 19:30:00,1.06,1.064,1.067,1.068
2023-12-26 19:45:00,1.06,1.064,1.067,1.068
2023-12-26 20:00:00,1.130666666666667,1.2058666666666666,1.2092666666666665,1.2104000000000001
2023-12-26 20:15:00,1.06,1.1349333333333336,1.1381333333333334,1.1392000000000002
2023-12-26 20:30:00,1.130666666666667,1.2058666666666666,1.2092666666666665,1.2104000000000001
2023-12-26 20:45:00,1.3426666666666667,1.6314666666666668,1.6360666666666668,1.6376000000000002
2023-12-26 21:00:00,1.272,1.8442666666666667,1.8494666666666666,1.8512000000000002
2023-12-26 21:15:00,1.8373333333333335,1.9861333333333335,1.9917333333333334,1.9936
2023-12-26 21:30:00,1.9080000000000001,2.0570666666666666,2.0628666666666664,2.0648
2023-12-26 21:45:00,2.0493333333333332,2.128,2.134,2.136
2023-12-26 22:00:00,2.0493333333333332,2.128,2.134,2.136
2023-12-26 22:15:00,2.12,2.128,2.134,2.136
2023-12-26 22:30:00,2.12,2.128,2.134,2.136
2023-12-26 22:45:00,2.12,2.128,2.134,2.136
2023-12-26 23:00:00,2.0493333333333332,2.128,2.134,2.136
2023-12-26 23:15:00,2.0493333333333332,2.0570666666666666,2.0628666666666664,2.0648
2023-12-26 23:30:00,2.12,2.128,2.134,2.136
2023-12-26 23:45:00,2.12,2.128,2.134,2.136
2023-12-27 00:00:00,1.9080000000000001,2.0570666666666666,2.0628666666666664,2.0648
2023-12-27 00:15:00,2.0493333333333332,2.128,2.134,2.136
2023-12-27 00:30:00,2.0493333333333332,2.0570666666666666,2.0628666666666664,2.0648
2023-12-27 00:45:00,2.12,2.128,2.134,2.136
2023-12-27 01:00:00,2.12,2.128,2.134,2.136
2023-12-27 01:15:00,2.12,2.128,2.134,2.136
2023-12-27 01:30:00,2.12,2.128,2.134,2.136
2023-12-27 01:45:00,2.12,2.128,2.134,2.136
2023-12-27 02:00:00,2.0493333333333332,2.128,2.134,2.136
2023-12-27 02:15:00,2.0493333333333332,2.128,2.134,2.136
2023-12-27 02:30:00,1.9786666666666668,2.128,2.134,2.136
2023-12-27 02:45:00,1.130666666666667,1.3477333333333334,1.3515333333333333,1.3528
2023-12-27 03:00:00,1.130666666666667,1.2768,1.2804,1.2816
2023-12-27 03:15:00,1.272,1.3477333333333334,1.3515333333333333,1.3528
2023-12-27 03:30:00,1.7666666666666668,1.9861333333333335,1.9917333333333334,1.9936
2023-12-27 03:45:00,1.9080000000000001,2.0570666666666666,2.0628666666666664,2.0648
2023-12-27 04:00:00,1.9786666666666668,1.9861333333333335,1.9917333333333334,1.9936
2023-12-27 04:15:00,2.0493333333333332,2.128,2.134,2.136
2023-12-27 04:30:00,1.5546666666666666,1.8442666666666667,1.8494666666666666,1.8512000000000002
2023-12-27 04:45:00,1.06,1.064,1.067,1.068
2023-12-27 05:00:00,1.06,1.1349333333333336,1.1381333333333334,1.1392000000000002
2023-12-27 05:15:00,1.7666666666666668,1.8442666666666667,1.8494666666666666,1.8512000000000002
2023-12-27 05:30:00,2.12,2.128,2.134,2.136
2023-12-27 05:45:00,2.12,2.128,2.134,2.136
2023-12-27 06:00:00,2.12,2.1989333333333336,2.2051333333333334,2.2072000000000003
2023-12-27 06:15:00,2.12,2.128,2.134,2.136
2023-12-27 06:30:00,2.12,2.128,2.134,2.136
2023-12-27 06:45:00,1.7666666666666668,1.9152000000000002,1.9205999999999999,1.9224
2023-12-27 07:00:00,1.06,1.064,1.067,1.068
2023-12-27 07:15:00,1.06,1.064,1.067,1.068
2023-12-27 07:30:00,1.06,1.064,1.067,1.068
2023-12-27 07:45:00,1.06,1.064,1.067,1.068
2023-12-27 08:00:00,1.06,1.064,1.067,1.068
2023-12-27 08:15:00,1.06,1.064,1.067,1.068
2023-12-27 08:30:00,1.06,1.064,1.067,1.068
2023-12-27 08:45:00,1.06,1.064,1.067,1.068
2023-12-27 09:00:00,2.968,3.0501333333333336,3.058733333333333,3.0616000000000003
2023-12-27 09:15:00,3.462666666666667,3.6176,3.6277999999999997,3.6312
2023-12-27 09:30:00,2.12,2.128,2.134,2.136
2023-12-27 09:45:00,2.12,2.128,2.134,2.136
2023-12-27 10:00:00,7.773333333333333,8.512,8.7494,8.9
2023-12-27 10:15:00,2.614666666666667,2.7664000000000004,2.7742,2.7768
2023-12-27 10:30:00,1.5546666666666666,1.7733333333333334,1.7783333333333333,1.7800000000000002
2023-12-27 10:45:00,1.06,1.064,1.067,1.068
2023-12-27 11:00:00,1.06,1.064,1.067,1.068
2023-12-27 11:15:00,1.06,1.064,1.067,1.068
2023-12-27 11:30:00,0.9893333333333333,1.064,1.067,1.068
2023-12-27 11:45:00,0.636,0.7093333333333334,0.7113333333333333,0.712
2023-12-27 12:00:00,0.35333333333333333,0.5674666666666667,0.5690666666666666,0.5696
2023-12-27 12:15:00,0.21200000000000002,0.3546666666666667,0.35566666666666663,0.356
2023-12-27 12:30:00,0.35333333333333333,0.42560000000000003,0.4268,0.4272
2023-12-27 12:45:00,0.0,0.07093333333333326,0.07113333333333326,0.07119999999999993
2023-12-27 13:00:00,0.21200000000000002,0.4965333333333334,0.49793333333333334,0.4984
2023-12-27 13:15:00,0.2826666666666666,0.2837333333333333,0.28453333333333325,0.28479999999999994
2023-12-27 13:30:00,0.0706666666666666,0.2837333333333333,0.28453333333333325,0.28479999999999994
2023-12-27 13:45:00,0.7773333333333333,0.8512000000000001,0.8536,0.8544
2023-12-27 14:00:00,1.06,1.064,1.067,1.068
2023-12-27 14:15:00,1.06,1.064,1.067,1.068
2023-12-27 14:30:00,1.06,1.064,1.067,1.068
2023-12-27 14:45:00,1.06,1.064,1.067,1.068
2023-12-27 15:00:00,1.06,1.064,1.067,1.068
2023-12-27 15:15:00,0.9186666666666667,0.9930666666666667,0.9958666666666666,0.9967999999999999
2023-12-27 15:30:00,0.8480000000000001,0.8512000000000001,0.8536,0.8544
2023-12-27 15:45:00,0.9893333333333333,1.064,1.067,1.068
2023-12-27 16:00:00,0.8480000000000001,0.9221333333333334,0.9247333333333333,0.9256000000000001
2023-12-27 16:15:00,0.5653333333333334,0.9221333333333334,0.9247333333333333,0.9256000000000001
2023-12-27 16:30:00,0.7773333333333333,0.9221333333333334,0.9247333333333333,0.9256000000000001
2023-12-27 16:45:00,0.4946666666666667,0.7093333333333334,0.7113333333333333,0.712
2023-12-27 17:00:00,0.2826666666666666,0.6384,0.6402,0.6408
2023-12-27 17:15:00,0.21200000000000002,0.42560000000000003,0.4268,0.4272
2023-12-27 17:30:00,0.35333333333333333,0.4965333333333334,0.49793333333333334,0.4984
2023-12-27 17:45:00,0.21200000000000002,0.4965333333333334,0.49793333333333334,0.4984
2023-12-27 18:00:00,0.2826666666666666,0.4965333333333334,0.49793333333333334,0.4984
2023-12-27 18:15:00,0.35333333333333333,0.6384,0.6402,0.6408
2023-12-27 18:30:00,0.21200000000000002,0.42560000000000003,0.4268,0.4272
2023-12-27 18:45:00,0.2826666666666666,0.5674666666666667,0.5690666666666666,0.5696
2023-12-27 19:00:00,0.2826666666666666,0.4965333333333334,0.49793333333333334,0.4984
2023-12-27 19:15:00,0.2826666666666666,0.2837333333333333,0.28453333333333325,0.28479999999999994
2023-12-27 19:30:00,0.2826666666666666,0.42560000000000003,0.4268,0.4272
2023-12-27 19:45:00,0.35333333333333333,0.3546666666666667,0.35566666666666663,0.356
2023-12-27 20:00:00,0.7773333333333333,0.7802666666666667,0.7824666666666665,0.7832
2023-12-27 20:15:00,1.06,1.064,1.067,1.068
2023-12-27 20:30:00,1.06,1.064,1.067,1.068
2023-12-27 20:45:00,1.06,1.064,1.067,1.068
2023-12-27 21:00:00,0.9893333333333333,0.9930666666666667,0.9958666666666666,0.9967999999999999
2023-12-27 21:15:00,0.9893333333333333,0.9930666666666667,0.9958666666666666,0.9967999999999999
2023-12-27 21:30:00,1.06,1.064,1.067,1.068
2023-12-27 21:45:00,1.06,1.064,1.067,1.068
2023-12-27 22:00:00,1.06,1.064,1.067,1.068
2023-12-27 22:15:00,1.06,1.064,1.067,1.068
2023-12-27 22:30:00,1.06,1.064,1.067,1.068
2023-12-27 22:45:00,1.06,1.064,1.067,1.068
2023-12-27 23:00:00,1.06,1.064,1.067,1.068
2023-12-27 23:15:00,0.9893333333333333,0.9930666666666667,0.9958666666666666,0.9967999999999999
2023-12-27 23:30:00,0.9893333333333333,1.064,1.067,1.068
2023-12-27 23:45:00,0.8480000000000001,0.9221333333333334,0.9247333333333333,0.9256000000000001
2023-12-28 00:00:00,0.7773333333333333,0.8512000000000001,0.8536,0.8544
2023-12-28 00:15:00,0.7066666666666667,0.8512000000000001,0.8536,0.8544
2023-12-28 00:30:00,0.5653333333333334,0.7093333333333334,0.7113333333333333,0.712
2023-12-28 00:45:00,0.42400000000000004,0.5674666666666667,0.5690666666666666,0.5696
2023-12-28 01:00:00,0.1413333333333333,0.2837333333333333,0.28453333333333325,0.28479999999999994
2023-12-28 01:15:00,0.2826666666666666,0.2837333333333333,0.28453333333333325,0.28479999999999994
2023-12-28 01:30:00,0.0,0.0,0.0,0.0
2023-12-28 01:45:00,0.0,0.14186666666666664,0.14226666666666662,0.14239999999999997
2023-12-28 02:00:00,0.5653333333333334,0.5674666666666667,0.5690666666666666,0.5696
2023-12-28 02:15:00,0.4946666666666667,0.7802666666666667,0.7824666666666665,0.7832
2023-12-28 02:30:00,0.35333333333333333,0.5674666666666667,0.5690666666666666,0.5696
2023-12-28 02:45:00,0.0706666666666666,0.07093333333333326,0.07113333333333326,0.07119999999999993
2023-12-28 03:00:00,0.0,0.0,0.0,0.0
2023-12-28 03:15:00,0.0,0.07093333333333326,0.07113333333333326,0.07119999999999993
2023-12-28 03:30:00,0.0,0.07093333333333326,0.07113333333333326,0.07119999999999993
2023-12-28 03:45:00,0.0,0.0,0.0,0.0
2023-12-28 04:00:00,0.0,0.0,0.0,0.0
2023-12-28 04:15:00,0.1413333333333333,0.5674666666666667,0.5690666666666666,0.5696
2023-12-28 04:30:00,0.9186666666666667,0.9930666666666667,0.9958666666666666,0.9967999999999999
2023-12-28 04:45:00,1.06,1.064,1.067,1.068
2023-12-28 05:00:00,1.06,1.064,1.067,1.068
2023-12-28 05:15:00,1.06,1.064,1.067,1.068
2023-12-28 05:30:00,1.06,1.064,1.067,1.068
2023-12-28 05:45:00,1.06,1.064,1.067,1.068
2023-12-28 06:00:00,1.06,1.064,1.067,1.068
2023-12-28 06:15:00,1.484,1.7024000000000001,1.7072,1.7088
2023-12-28 06:30:00,2.0493333333333332,2.0570666666666666,2.0628666666666664,2.0648
2023-12-28 06:45:00,1.9786666666666668,2.128,2.134,2.136
2023-12-28 07:00:00,1.3426666666666667,1.5605333333333333,1.564933333333333,1.5664
2023-12-28 07:15:00,1.06,1.1349333333333336,1.1381333333333334,1.1392000000000002
2023-12-28 07:30:00,1.06,1.1349333333333336,1.1381333333333334,1.1392000000000002
2023-12-28 07:45:00,1.06,1.064,1.067,1.068
2023-12-28 08:00:00,1.06,1.064,1.067,1.068
2023-12-28 08:15:00,1.06,1.064,1.067,1.068
2023-12-28 08:30:00,1.06,1.064,1.067,1.068
2023-12-28 08:45:00,1.06,1.064,1.067,1.068
2023-12-28 09:00:00,1.06,1.064,1.067,1.068
2023-12-28 09:15:00,1.06,1.064,1.067,1.068
2023-12-28 09:30:00,1.06,1.064,1.067,1.068
2023-12-28 09:45:00,1.06,1.064,1.067,1.068
2023-12-28 10:00:00,1.06,1.064,1.067,1.068
2023-12-28 10:15:00,1.06,1.064,1.067,1.068
2023-12-28 10:30:00,1.06,1.064,1.067,1.068
2023-12-28 10:45:00,1.06,1.064,1.067,1.068
2023-12-28 11:00:00,1.06,1.064,1.067,1.068
2023-12-28 11:15:00,11.730666666666666,12.626133333333334,12.732866666666666,12.744800000000001
2023-12-28 11:30:00,9.610666666666667,10.143466666666665,10.2432,10.2528
2023-12-28 11:45:00,5.4413333333333345,5.816533333333334,5.832933333333333,5.8384
2023-12-28 12:00:00,2.6853333333333333,2.7664000000000004,2.7742,2.7768
2023-12-28 12:15:00,2.3320000000000003,2.7664000000000004,2.7742,2.7768
2023-12-28 12:30:00,2.473333333333333,2.695466666666667,2.7030666666666665,2.7056
2023-12-28 12:45:00,3.038666666666667,3.1210666666666667,3.129866666666666,3.1328
2023-12-28 13:00:00,2.614666666666667,2.6245333333333334,2.6319333333333335,2.6344000000000003
2023-12-28 13:15:00,1.4133333333333333,1.8442666666666667,1.8494666666666666,1.8512000000000002
2023-12-28 13:30:00,1.130666666666667,1.4186666666666667,1.4226666666666665,1.4952
2023-12-28 13:45:00,1.9080000000000001,2.0570666666666666,2.0628666666666664,2.136
2023-12-28 14:00:00,2.12,2.128,2.134,2.136
2023-12-28 14:15:00,2.12,2.128,2.134,2.136
2023-12-28 14:30:00,2.12,2.128,2.134,2.136
2023-12-28 14:45:00,2.0493333333333332,2.128,2.134,2.136
2023-12-28 15:00:00,2.12,2.128,2.134,2.136
2023-12-28 15:15:00,2.12,2.128,2.134,2.136
2023-12-28 15:30:00,2.12,2.128,2.134,2.136
2023-12-28 15:45:00,2.12,2.128,2.134,2.136
2023-12-28 16:00:00,2.12,2.128,2.134,2.136
2023-12-28 16:15:00,1.6960000000000002,2.0570666666666666,2.0628666666666664,2.0648
2023-12-28 16:30:00,1.2013333333333334,1.3477333333333334,1.4226666666666665,1.424
2023-12-28 16:45:00,1.130666666666667,1.3477333333333334,1.3515333333333333,1.3528
2023-12-28 17:00:00,1.06,1.1349333333333336,1.1381333333333334,1.1392000000000002
2023-12-28 17:15:00,1.06,1.064,1.067,1.068
2023-12-28 17:30:00,1.06,1.1349333333333336,1.1381333333333334,1.1392000000000002
2023-12-28 17:45:00,1.06,1.064,1.067,1.068
2023-12-28 18:00:00,1.06,1.1349333333333336,1.1381333333333334,1.1392000000000002
2023-12-28 18:15:00,1.06,1.064,1.067,1.068
2023-12-28 18:30:00,1.06,1.064,1.067,1.068
2023-12-28 18:45:00,1.06,1.064,1.067,1.068
2023-12-28 19:00:00,1.06,1.064,1.067,1.068
2023-12-28 19:15:00,1.06,1.064,1.067,1.068
2023-12-28 19:30:00,1.06,1.064,1.067,1.068
2023-12-28 19:45:00,1.06,1.064,1.067,1.068
2023-12-28 20:00:00,1.06,1.064,1.067,1.068
2023-12-28 20:15:00,1.06,1.064,1.067,1.068
2023-12-28 20:30:00,1.06,1.064,1.067,1.068
2023-12-28 20:45:00,1.06,1.064,1.067,1.068
2023-12-28 21:00:00,1.06,1.064,1.067,1.068
2023-12-28 21:15:00,1.06,1.064,1.067,1.068
2023-12-28 21:30:00,1.06,1.064,1.067,1.068
2023-12-28 21:45:00,1.4133333333333333,1.7024000000000001,1.7783333333333333,1.7800000000000002
2023-12-28 22:00:00,1.130666666666667,1.2058666666666666,1.2804,1.2816
2023-12-28 22:15:00,1.06,1.064,1.067,1.068
2023-12-28 22:30:00,1.06,1.1349333333333336,1.1381333333333334,1.1392000000000002
2023-12-28 22:45:00,1.130666666666667,1.1349333333333336,1.1381333333333334,1.1392000000000002
2023-12-28 23:00:00,1.06,1.1349333333333336,1.1381333333333334,1.1392000000000002
2023-12-28 23:15:00,1.06,1.064,1.067,1.068
2023-12-28 23:30:00,1.130666666666667,1.3477333333333334,1.3515333333333333,1.3528
2023-12-28 23:45:00,1.272,1.5605333333333333,1.564933333333333,1.5664
2023-12-29 00:00:00,1.2013333333333334,1.6314666666666668,1.6360666666666668,1.6376000000000002
2023-12-29 00:15:00,1.272,2.0570666666666666,2.0628666666666664,2.0648
2023-12-29 00:30:00,1.6253333333333335,1.9152000000000002,1.9205999999999999,1.9224
2023-12-29 00:45:00,1.484,1.7024000000000001,1.7072,1.7088
2023-12-29 01:00:00,1.7666666666666668,2.0570666666666666,2.0628666666666664,2.0648
2023-12-29 01:15:00,1.9786666666666668,2.128,2.134,2.136
2023-12-29 01:30:00,2.0493333333333332,2.0570666666666666,2.0628666666666664,2.0648
2023-12-29 01:45:00,2.12,2.128,2.134,2.136
2023-12-29 02:00:00,1.9080000000000001,2.0570666666666666,2.0628666666666664,2.0648
2023-12-29 02:15:00,1.06,1.2058666666666666,1.2092666666666665,1.2104000000000001
2023-12-29 02:30:00,1.06,1.064,1.067,1.068
2023-12-29 02:45:00,0.8480000000000001,0.9221333333333334,0.9247333333333333,0.9256000000000001
2023-12-29 03:00:00,0.636,0.7802666666666667,0.7824666666666665,0.7832
2023-12-29 03:15:00,0.2826666666666666,0.3546666666666667,0.35566666666666663,0.356
2023-12-29 03:30:00,0.0,0.07093333333333326,0.07113333333333326,0.07119999999999993
2023-12-29 03:45:00,0.0,0.07093333333333326,0.07113333333333326,0.07119999999999993
2023-12-29 04:00:00,0.0,0.0,0.0,0.0
2023-12-29 04:15:00,0.0,0.07093333333333326,0.07113333333333326,0.07119999999999993
2023-12-29 04:30:00,0.0,0.0,0.0,0.0
2023-12-29 04:45:00,0.0,0.07093333333333326,0.07113333333333326,0.07119999999999993
2023-12-29 05:00:00,0.1413333333333333,0.14186666666666664,0.14226666666666662,0.14239999999999997
2023-12-29 05:15:00,0.1413333333333333,0.21280000000000002,0.2134,0.2136
2023-12-29 05:30:00,0.0706666666666666,0.14186666666666664,0.14226666666666662,0.14239999999999997
2023-12-29 05:45:00,0.0,0.14186666666666664,0.14226666666666662,0.14239999999999997
2023-12-29 06:00:00,0.1413333333333333,0.14186666666666664,0.14226666666666662,0.14239999999999997
2023-12-29 06:15:00,0.636,0.7093333333333334,0.7113333333333333,0.712
2023-12-29 06:30:00,1.06,1.064,1.067,1.068
2023-12-29 06:45:00,1.06,1.064,1.067,1.068
2023-12-29 07:00:00,1.06,1.064,1.067,1.068
2023-12-29 07:15:00,0.9893333333333333,1.064,1.067,1.068
2023-12-29 07:30:00,1.06,1.064,1.067,1.068
2023-12-29 07:45:00,0.636,0.7802666666666667,0.7824666666666665,0.7832
2023-12-29 08:00:00,0.21200000000000002,0.2837333333333333,0.28453333333333325,0.28479999999999994
2023-12-29 08:15:00,0.1413333333333333,0.14186666666666664,0.14226666666666662,0.14239999999999997
2023-12-29 08:30:00,0.21200000000000002,0.42560000000000003,0.4268,0.4272
2023-12-29 08:45:00,0.1413333333333333,0.21280000000000002,0.2134,0.2136
2023-12-29 09:00:00,0.7066666666666667,0.9221333333333334,0.9247333333333333,0.9256000000000001
2023-12-29 09:15:00,0.9893333333333333,0.9930666666666667,0.9958666666666666,0.9967999999999999
2023-12-29 09:30:00,1.06,1.064,1.067,1.068
2023-12-29 09:45:00,0.9893333333333333,0.9930666666666667,0.9958666666666666,0.9967999999999999
2023-12-29 10:00:00,1.06,1.064,1.067,1.068
2023-12-29 10:15:00,1.06,1.064,1.067,1.068
2023-12-29 10:30:00,1.06,1.064,1.067,1.068
2023-12-29 10:45:00,1.06,1.064,1.067,1.068
2023-12-29 11:00:00,1.06,1.064,1.067,1.068
2023-12-29 11:15:00,1.06,1.064,1.067,1.068
2023-12-29 11:30:00,1.06,1.064,1.067,1.068
2023-12-29 11:45:00,1.06,1.064,1.067,1.068
2023-12-29 12:00:00,1.06,1.064,1.067,1.068
2023-12-29 12:15:00,1.130666666666667,1.2058666666666666,1.2092666666666665,1.2104000000000001
2023-12-29 12:30:00,1.06,1.2768,1.2804,1.2816
2023-12-29 12:45:00,1.06,1.2768,1.2804,1.2816
2023-12-29 13:00:00,1.06,1.2768,1.2804,1.2816
2023-12-29 13:15:00,1.06,1.064,1.067,1.068
2023-12-29 13:30:00,1.06,1.064,1.067,1.068
2023-12-29 13:45:00,1.06,1.064,1.067,1.068
2023-12-29 14:00:00,1.06,1.064,1.067,1.068
2023-12-29 14:15:00,1.06,1.064,1.067,1.068
2023-12-29 14:30:00,1.06,1.064,1.067,1.068
2023-12-29 14:45:00,1.06,1.064,1.067,1.068
2023-12-29 15:00:00,1.06,1.064,1.067,1.068
2023-12-29 15:15:00,1.06,1.064,1.067,1.068
2023-12-29 15:30:00,1.06,1.064,1.067,1.068
2023-12-29 15:45:00,1.06,1.064,1.067,1.068
2023-12-29 16:00:00,1.06,1.064,1.067,1.068
2023-12-29 16:15:00,1.06,1.064,1.067,1.068
2023-12-29 16:30:00,1.6253333333333335,1.7024000000000001,1.7072,1.7088
2023-12-29 16:45:00,2.12,2.128,2.134,2.136
2023-12-29 17:00:00,2.0493333333333332,2.128,2.134,2.136
2023-12-29 17:15:00,1.4133333333333333,1.9861333333333335,1.9917333333333334,1.9936
2023-12-29 17:30:00,1.4133333333333333,1.7024000000000001,1.7072,1.7088
2023-12-29 17:45:00,1.130666666666667,1.3477333333333334,1.3515333333333333,1.3528
2023-12-29 18:00:00,1.06,1.2768,1.2804,1.2816
2023-12-29 18:15:00,1.06,1.1349333333333336,1.1381333333333334,1.1392000000000002
2023-12-29 18:30:00,1.06,1.064,1.067,1.068
2023-12-29 18:45:00,1.06,1.064,1.067,1.068
2023-12-29 19:00:00,1.06,1.064,1.067,1.068
2023-12-29 19:15:00,1.06,1.064,1.067,1.068
2023-12-29 19:30:00,1.06,1.064,1.067,1.068
2023-12-29 19:45:00,1.06,1.064,1.067,1.068
2023-12-29 20:00:00,1.06,1.064,1.067,1.068
2023-12-29 20:15:00,1.06,1.064,1.067,1.068
2023-12-29 20:30:00,1.06,1.064,1.067,1.068
2023-12-29 20:45:00,1.06,1.064,1.067,1.068
2023-12-29 21:00:00,1.06,1.064,1.067,1.068
2023-12-29 21:15:00,1.06,1.064,1.067,1.068
2023-12-29 21:30:00,1.06,1.064,1.067,1.068
2023-12-29 21:45:00,1.06,1.064,1.067,1.068
2023-12-29 22:00:00,1.06,1.064,1.067,1.068
2023-12-29 22:15:00,1.06,1.064,1.067,1.068
2023-12-29 22:30:00,1.06,1.064,1.067,1.068
2023-12-29 22:45:00,1.06,1.064,1.067,1.068
2023-12-29 23:00:00,1.130666666666667,1.2768,1.2804,1.2816
2023-12-29 23:15:00,1.06,1.064,1.067,1.068
2023-12-29 23:30:00,1.06,1.064,1.067,1.068
2023-12-29 23:45:00,1.06,1.064,1.067,1.068
2023-12-30 00:00:00,1.06,1.064,1.067,1.068
2023-12-30 00:15:00,1.06,1.064,1.067,1.068
2023-12-30 00:30:00,1.06,1.064,1.067,1.068
2023-12-30 00:45:00,1.06,1.064,1.067,1.068
2023-12-30 01:00:00,1.06,1.064,1.067,1.068
2023-12-30 01:15:00,1.06,1.064,1.067,1.068
2023-12-30 01:30:00,1.06,1.064,1.067,1.068
2023-12-30 01:45:00,1.06,1.064,1.067,1.068
2023-12-30 02:00:00,1.06,1.064,1.067,1.068
2023-12-30 02:15:00,1.06,1.064,1.067,1.068
2023-12-30 02:30:00,1.06,1.064,1.067,1.068
2023-12-30 02:45:00,1.06,1.064,1.067,1.068
2023-12-30 03:00:00,1.06,1.064,1.067,1.068
2023-12-30 03:15:00,1.06,1.064,1.067,1.068
2023-12-30 03:30:00,1.06,1.064,1.067,1.068
2023-12-30 03:45:00,1.06,1.064,1.067,1.068
2023-12-30 04:00:00,1.06,1.064,1.067,1.068
2023-12-30 04:15:00,1.06,1.064,1.067,1.068
2023-12-30 04:30:00,1.06,1.064,1.067,1.068
2023-12-30 04:45:00,1.06,1.064,1.067,1.068
2023-12-30 05:00:00,1.06,1.064,1.067,1.068
2023-12-30 05:15:00,1.06,1.064,1.067,1.068
2023-12-30 05:30:00,1.06,1.064,1.067,1.068
2023-12-30 05:45:00,1.06,1.064,1.067,1.068
2023-12-30 06:00:00,1.06,1.064,1.067,1.068
2023-12-30 06:15:00,1.06,1.064,1.067,1.068
2023-12-30 06:30:00,1.06,1.064,1.067,1.068
2023-12-30 06:45:00,1.06,1.064,1.067,1.068
2023-12-30 07:00:00,1.06,1.064,1.067,1.068
2023-12-30 07:15:00,1.06,1.064,1.067,1.068
2023-12-30 07:30:00,1.06,1.064,1.067,1.068
2023-12-30 07:45:00,0.9186666666666667,0.9930666666666667,0.9958666666666666,0.9967999999999999
2023-12-30 08:00:00,1.06,1.064,1.067,1.068
2023-12-30 08:15:00,1.06,1.064,1.067,1.068
2023-12-30 08:30:00,1.06,1.064,1.067,1.068
2023-12-30 08:45:00,1.06,1.064,1.067,1.068
2023-12-30 09:00:00,0.9893333333333333,1.064,1.067,1.068
2023-12-30 09:15:00,0.9186666666666667,1.064,1.067,1.068
2023-12-30 09:30:00,1.06,1.064,1.067,1.068
2023-12-30 09:45:00,0.9893333333333333,0.9930666666666667,0.9958666666666666,0.9967999999999999
2023-12-30 10:00:00,0.9893333333333333,0.9930666666666667,0.9958666666666666,0.9967999999999999
2023-12-30 10:15:00,0.9893333333333333,1.064,1.067,1.068
2023-12-30 10:30:00,0.8480000000000001,0.8512000000000001,0.8536,0.8544
2023-12-30 10:45:00,0.5653333333333334,0.7802666666666667,0.7824666666666665,0.7832
2023-12-30 11:00:00,0.636,0.7802666666666667,0.7824666666666665,0.7832
2023-12-30 11:15:00,0.4946666666666667,0.8512000000000001,0.8536,0.8544
2023-12-30 11:30:00,0.9893333333333333,0.9930666666666667,0.9958666666666666,0.9967999999999999
2023-12-30 11:45:00,1.06,1.064,1.067,1.068
2023-12-30 12:00:00,1.06,1.064,1.067,1.068
2023-12-30 12:15:00,1.06,1.064,1.067,1.068
2023-12-30 12:30:00,1.06,1.064,1.067,1.068
2023-12-30 12:45:00,1.06,1.064,1.067,1.068
2023-12-30 13:00:00,1.06,1.064,1.067,1.068
2023-12-30 13:15:00,1.06,1.064,1.067,1.068
2023-12-30 13:30:00,1.06,1.064,1.067,1.068
2023-12-30 13:45:00,1.06,1.064,1.067,1.068
2023-12-30 14:00:00,1.06,1.064,1.067,1.068
2023-12-30 14:15:00,1.06,1.064,1.067,1.068
2023-12-30 14:30:00,1.06,1.064,1.067,1.068
2023-12-30 14:45:00,0.9893333333333333,0.9930666666666667,0.9958666666666666,0.9967999999999999
2023-12-30 15:00:00,1.06,1.064,1.067,1.068
2023-12-30 15:15:00,0.9893333333333333,0.9930666666666667,0.9958666666666666,0.9967999999999999
2023-12-30 15:30:00,0.7773333333333333,0.9221333333333334,0.9247333333333333,0.9256000000000001
2023-12-30 15:45:00,0.7773333333333333,0.8512000000000001,0.8536,0.8544
2023-12-30 16:00:00,0.7066666666666667,0.8512000000000001,0.8536,0.8544
2023-12-30 16:15:00,0.636,0.7802666666666667,0.7824666666666665,0.7832
2023-12-30 16:30:00,0.35333333333333333,0.5674666666666667,0.5690666666666666,0.5696
2023-12-30 16:45:00,0.0706666666666666,0.14186666666666664,0.14226666666666662,0.14239999999999997
2023-12-30 17:00:00,0.0,0.0,0.0,0.0
2023-12-30 17:15:00,0.1413333333333333,0.2837333333333333,0.28453333333333325,0.28479999999999994
2023-12-30 17:30:00,0.1413333333333333,0.21280000000000002,0.2134,0.2136
2023-12-30 17:45:00,0.0,0.07093333333333326,0.07113333333333326,0.07119999999999993
2023-12-30 18:00:00,0.8480000000000001,0.9221333333333334,0.9958666666666666,1.1392000000000002
2023-12-30 18:15:00,1.06,1.064,1.1381333333333334,1.2104000000000001
2023-12-30 18:30:00,0.9186666666666667,1.064,1.067,1.068
2023-12-30 18:45:00,0.8480000000000001,0.9930666666666667,0.9958666666666666,0.9967999999999999
2023-12-30 19:00:00,0.636,0.7093333333333334,0.7113333333333333,0.712
2023-12-30 19:15:00,0.2826666666666666,0.3546666666666667,0.35566666666666663,0.356
2023-12-30 19:30:00,0.0,0.14186666666666664,0.14226666666666662,0.14239999999999997
2023-12-30 19:45:00,0.0706666666666666,0.2837333333333333,0.28453333333333325,0.28479999999999994
2023-12-30 20:00:00,0.21200000000000002,0.2837333333333333,0.28453333333333325,0.28479999999999994
2023-12-30 20:15:00,0.1413333333333333,0.21280000000000002,0.2134,0.2136
2023-12-30 20:30:00,0.0706666666666666,0.21280000000000002,0.2134,0.2136
2023-12-30 20:45:00,0.1413333333333333,0.2837333333333333,0.28453333333333325,0.28479999999999994
2023-12-30 21:00:00,0.1413333333333333,0.2837333333333333,0.28453333333333325,0.28479999999999994
2023-12-30 21:15:00,0.1413333333333333,0.14186666666666664,0.14226666666666662,0.14239999999999997
2023-12-30 21:30:00,0.1413333333333333,0.3546666666666667,0.35566666666666663,0.356
2023-12-30 21:45:00,0.1413333333333333,0.4965333333333334,0.49793333333333334,0.4984
2023-12-30 22:00:00,0.636,0.6384,0.6402,0.6408
2023-12-30 22:15:00,0.9186666666666667,0.9221333333333334,0.9247333333333333,0.9256000000000001
2023-12-30 22:30:00,0.9186666666666667,0.9930666666666667,0.9958666666666666,0.9967999999999999
2023-12-30 22:45:00,0.9893333333333333,0.9930666666666667,0.9958666666666666,0.9967999999999999
2023-12-30 23:00:00,1.06,1.064,1.067,1.068
2023-12-30 23:15:00,1.06,1.064,1.067,1.068
2023-12-30 23:30:00,1.06,1.064,1.067,1.068
2023-12-30 23:45:00,1.06,1.064,1.067,1.068
2023-12-31 00:00:00,1.06,1.064,1.067,1.068
2023-12-31 00:15:00,1.06,1.064,1.067,1.068
2023-12-31 00:30:00,1.06,1.064,1.067,1.068
2023-12-31 00:45:00,1.06,1.064,1.067,1.068
2023-12-31 01:00:00,1.06,1.064,1.067,1.068
2023-12-31 01:15:00,1.06,1.064,1.067,1.068
2023-12-31 01:30:00,1.06,1.064,1.067,1.068
2023-12-31 01:45:00,1.06,1.1349333333333336,1.1381333333333334,1.1392000000000002
2023-12-31 02:00:00,1.06,1.064,1.067,1.068
2023-12-31 02:15:00,1.06,1.064,1.067,1.068
2023-12-31 02:30:00,1.06,1.064,1.067,1.068
2023-12-31 02:45:00,1.06,1.064,1.067,1.068
2023-12-31 03:00:00,1.06,1.064,1.067,1.068
2023-12-31 03:15:00,1.06,1.064,1.067,1.068
2023-12-31 03:30:00,1.06,1.064,1.067,1.068
2023-12-31 03:45:00,1.06,1.064,1.067,1.068
2023-12-31 04:00:00,1.06,1.064,1.067,1.068
2023-12-31 04:15:00,1.06,1.064,1.067,1.068
2023-12-31 04:30:00,1.06,1.064,1.067,1.068
2023-12-31 04:45:00,1.06,1.064,1.067,1.068
2023-12-31 05:00:00,1.06,1.064,1.067,1.068
2023-12-31 05:15:00,1.06,1.064,1.067,1.068
2023-12-31 05:30:00,1.06,1.064,1.067,1.068
2023-12-31 05:45:00,1.06,1.064,1.067,1.068
2023-12-31 06:00:00,1.06,1.064,1.067,1.068
2023-12-31 06:15:00,1.06,1.064,1.067,1.068
2023-12-31 06:30:00,1.06,1.064,1.067,1.068
2023-12-31 06:45:00,1.06,1.064,1.067,1.068
2023-12-31 07:00:00,1.06,1.064,1.067,1.068
2023-12-31 07:15:00,1.06,1.064,1.067,1.068
2023-12-31 07:30:00,1.06,1.064,1.067,1.068
2023-12-31 07:45:00,1.06,1.064,1.067,1.068
2023-12-31 08:00:00,1.06,1.064,1.067,1.068
2023-12-31 08:15:00,1.06,1.064,1.067,1.068
2023-12-31 08:30:00,1.06,1.064,1.067,1.068
2023-12-31 08:45:00,1.06,1.064,1.067,1.068
2023-12-31 09:00:00,1.06,1.064,1.067,1.068
2023-12-31 09:15:00,1.06,1.064,1.067,1.068
2023-12-31 09:30:00,1.06,1.064,1.067,1.068
2023-12-31 09:45:00,1.06,1.064,1.067,1.068
2023-12-31 10:00:00,1.06,1.064,1.067,1.068
2023-12-31 10:15:00,1.06,1.064,1.067,1.068
2023-12-31 10:30:00,1.06,1.064,1.067,1.068
2023-12-31 10:45:00,1.06,1.064,1.067,1.068
2023-12-31 11:00:00,1.06,1.1349333333333336,1.1381333333333334,1.1392000000000002
2023-12-31 11:15:00,1.06,1.064,1.067,1.068
2023-12-31 11:30:00,1.06,1.064,1.067,1.068
2023-12-31 11:45:00,1.06,1.064,1.067,1.068
2023-12-31 12:00:00,1.06,1.064,1.067,1.068
2023-12-31 12:15:00,1.06,1.1349333333333336,1.1381333333333334,1.1392000000000002
2023-12-31 12:30:00,1.130666666666667,1.1349333333333336,1.1381333333333334,1.1392000000000002
2023-12-31 12:45:00,1.06,1.064,1.067,1.068
2023-12-31 13:00:00,1.06,1.064,1.067,1.068
2023-12-31 13:15:00,1.06,1.064,1.067,1.068
2023-12-31 13:30:00,1.5546666666666666,1.7733333333333334,1.7783333333333333,1.7800000000000002
2023-12-31 13:45:00,1.06,1.064,1.067,1.068
2023-12-31 14:00:00,1.06,1.064,1.067,1.068
2023-12-31 14:15:00,1.06,1.064,1.067,1.068
2023-12-31 14:30:00,1.06,1.064,1.067,1.068
2023-12-31 14:45:00,1.06,1.064,1.067,1.068
2023-12-31 15:00:00,1.06,1.064,1.067,1.068
2023-12-31 15:15:00,1.06,1.064,1.067,1.068
2023-12-31 15:30:00,1.06,1.064,1.067,1.068
2023-12-31 15:45:00,1.06,1.064,1.067,1.068
2023-12-31 16:00:00,1.06,1.064,1.067,1.068
